content_id,ctr,gsc_impressions,score,action,reason_code
content_963de14b1f58978f,0.0036204469828252503,245826,0.9963795530171746,REVIEW_FOR_REFRESH,REFRESH_POTENTIAL_CTR_GAIN
content_eadb33b5df496f4a,0.0035039394000769652,49373,0.20014156354494642,REVIEW_FOR_REFRESH,REFRESH_POTENTIAL_CTR_GAIN
content_545bb6cc7081ded3,0.0023287643249647622,48953,0.19867304516202516,REVIEW_FOR_REFRESH,REFRESH_POTENTIAL_CTR_GAIN
content_eadb33b5df496f4a,0.00385793018983466,48990,0.1985184642796124,REVIEW_FOR_REFRESH,REFRESH_POTENTIAL_CTR_GAIN
content_963de14b1f58978f,0.0017524881003894417,46220,0.1876896666748025,REVIEW_FOR_REFRESH,REFRESH_POTENTIAL_CTR_GAIN
content_f88878f155e4838d,0.007169317934190456,45890,0.18533841009494517,Review for general optimization potential,
content_545bb6cc7081ded3,0.002519188209257428,42474,0.1723454801363566,REVIEW_FOR_REFRESH,REFRESH_POTENTIAL_CTR_GAIN
content_545bb6cc7081ded3,0.0031424325838591022,41051,0.16646733868671335,REVIEW_FOR_REFRESH,REFRESH_POTENTIAL_CTR_GAIN
content_f88878f155e4838d,0.008802024746906636,35560,0.1433819042737546,Review for general optimization potential,
content_0ec99ef7d7e11565,0.0016315875346712351,30645,0.12445794993206577,REVIEW_FOR_REFRESH,REFRESH_POTENTIAL_CTR_GAIN
content_eadb33b5df496f4a,0.004628350373031224,28952,0.11722925972028996,REVIEW_FOR_REFRESH,REFRESH_POTENTIAL_CTR_GAIN
content_f88878f155e4838d,0.006287787182587666,28945,0.11700552423258727,REVIEW_FOR_REFRESH,REFRESH_POTENTIAL_CTR_GAIN
content_eadb33b5df496f4a,0.006449235304956698,27135,0.10967106815389746,Review for general optimization potential,
content_545bb6cc7081ded3,0.002667581265957852,26241,0.1064614808848535,REVIEW_FOR_REFRESH,REFRESH_POTENTIAL_CTR_GAIN
content_545bb6cc7081ded3,0.002342729856363776,26038,0.10567230480095677,REVIEW_FOR_REFRESH,REFRESH_POTENTIAL_CTR_GAIN
content_545bb6cc7081ded3,0.006782983728680651,25505,0.10304849771789801,Review for general optimization potential,
content_012de75c008aa653,0.0,25191,0.1024749212857875,REVIEW_FOR_REFRESH,REFRESH_POTENTIAL_CTR_GAIN
content_ba462518dad435fc,0.0001194695551750229,25111,0.10213728409525435,REVIEW_FOR_REFRESH,REFRESH_POTENTIAL_CTR_GAIN
content_545bb6cc7081ded3,0.006948304613674263,25186,0.10174269605330599,Review for general optimization potential,
content_eadb33b5df496f4a,0.013663907481484416,25249,0.10130742883177532,Review for general optimization potential,
content_963de14b1f58978f,0.0020053202373644364,24435,0.09920024732941185,REVIEW_FOR_REFRESH,REFRESH_POTENTIAL_CTR_GAIN
content_eadb33b5df496f4a,0.01361931169466645,24524,0.09840293540959866,Review for general optimization potential,
content_eadb33b5df496f4a,0.007249678942789676,24139,0.09748358595103852,Review for general optimization potential,
content_b902320872acab45,0.00025687130747495504,23358,0.09499402016060139,REVIEW_FOR_REFRESH,REFRESH_POTENTIAL_CTR_GAIN
content_b902320872acab45,0.0002648538889379359,22654,0.09213020591800704,REVIEW_FOR_REFRESH,REFRESH_POTENTIAL_CTR_GAIN
content_f88878f155e4838d,0.010588339535707958,22572,0.0908488117611644,Review for general optimization potential,
content_b902320872acab45,0.0003614022406938923,22136,0.09001488857972711,REVIEW_FOR_REFRESH,REFRESH_POTENTIAL_CTR_GAIN
content_b902320872acab45,9.123255177447313e-05,21922,0.08916876164441516,REVIEW_FOR_REFRESH,REFRESH_POTENTIAL_CTR_GAIN
content_545bb6cc7081ded3,0.0023911344093438176,21747,0.08825348010381326,REVIEW_FOR_REFRESH,REFRESH_POTENTIAL_CTR_GAIN
content_eadb33b5df496f4a,0.007163790296320417,21497,0.08682157298251608,Review for general optimization potential,
content_963de14b1f58978f,0.0024082731265051708,21177,0.08593883478558004,REVIEW_FOR_REFRESH,REFRESH_POTENTIAL_CTR_GAIN
content_963de14b1f58978f,0.0028825252811643513,21162,0.08583713683662426,REVIEW_FOR_REFRESH,REFRESH_POTENTIAL_CTR_GAIN
content_eadb33b5df496f4a,0.006684620563624123,20794,0.0840228454272534,Review for general optimization potential,
content_eadb33b5df496f4a,0.005404874213836478,20352,0.08234279531050416,REVIEW_FOR_REFRESH,REFRESH_POTENTIAL_CTR_GAIN
content_11bf4c33adea7bdc,0.0,20225,0.08227364070521424,REVIEW_FOR_REFRESH,REFRESH_POTENTIAL_CTR_GAIN
content_cc26620b2cbb837f,0.001293274970155193,20104,0.08167565676535435,REVIEW_FOR_REFRESH,REFRESH_POTENTIAL_CTR_GAIN
content_012de75c008aa653,0.0,19746,0.08032510800322179,REVIEW_FOR_REFRESH,REFRESH_POTENTIAL_CTR_GAIN
content_b902320872acab45,0.0003048006096012192,19685,0.08005255750002033,REVIEW_FOR_REFRESH,REFRESH_POTENTIAL_CTR_GAIN
content_012de75c008aa653,0.0,19588,0.07968237696582135,REVIEW_FOR_REFRESH,REFRESH_POTENTIAL_CTR_GAIN
content_eadb33b5df496f4a,0.0063940597122673125,19393,0.07838471113714578,Review for general optimization potential,
content_f88878f155e4838d,0.008301536557698257,19394,0.07823826609064947,Review for general optimization potential,
content_f88878f155e4838d,0.008206513270659119,19253,0.07767689341241366,Review for general optimization potential,
content_eadb33b5df496f4a,0.01172077585312727,19282,0.07751824461204265,Review for general optimization potential,
content_545bb6cc7081ded3,0.005898319240004176,19158,0.07747349751450212,REVIEW_FOR_REFRESH,REFRESH_POTENTIAL_CTR_GAIN
content_eadb33b5df496f4a,0.0068431382950506605,18851,0.07615956001399363,Review for general optimization potential,
content_eadb33b5df496f4a,0.004681100058513751,18799,0.0761148129164531,REVIEW_FOR_REFRESH,REFRESH_POTENTIAL_CTR_GAIN
content_963de14b1f58978f,0.0021447721179624667,18650,0.0757039532026718,REVIEW_FOR_REFRESH,REFRESH_POTENTIAL_CTR_GAIN
content_545bb6cc7081ded3,0.007847533632286996,18732,0.07560225525371604,Review for general optimization potential,
content_cc26620b2cbb837f,0.0034948115490080114,18599,0.07539479143784628,REVIEW_FOR_REFRESH,REFRESH_POTENTIAL_CTR_GAIN
content_545bb6cc7081ded3,0.007763143805546632,18678,0.07539072351988804,Review for general optimization potential,
content_963de14b1f58978f,0.002452717065460293,18347,0.07445103447153677,REVIEW_FOR_REFRESH,REFRESH_POTENTIAL_CTR_GAIN
content_eadb33b5df496f4a,0.004369435796602763,18309,0.07415407646058594,REVIEW_FOR_REFRESH,REFRESH_POTENTIAL_CTR_GAIN
content_545bb6cc7081ded3,0.001486129458388375,18168,0.07379609968026164,REVIEW_FOR_REFRESH,REFRESH_POTENTIAL_CTR_GAIN
content_b902320872acab45,0.0001105583195135434,18090,0.07358050002847541,REVIEW_FOR_REFRESH,REFRESH_POTENTIAL_CTR_GAIN
content_c1f764a2f362d1c3,0.0,17884,0.07275064476499638,REVIEW_FOR_REFRESH,REFRESH_POTENTIAL_CTR_GAIN
content_eadb33b5df496f4a,0.0031519108459503575,17767,0.07204689495822247,REVIEW_FOR_REFRESH,REFRESH_POTENTIAL_CTR_GAIN
content_eadb33b5df496f4a,0.011702127659574468,17860,0.07180281988072863,Review for general optimization potential,
content_eadb33b5df496f4a,0.012998756640669153,17694,0.07104211922253952,Review for general optimization potential,
content_9ef3d7516483e665,0.0013157142039929065,17481,0.07101771171479013,REVIEW_FOR_REFRESH,REFRESH_POTENTIAL_CTR_GAIN
content_545bb6cc7081ded3,0.007922033511911546,17546,0.07081024789892038,Review for general optimization potential,
content_545bb6cc7081ded3,0.006513169170999257,17503,0.07073702537567221,Review for general optimization potential,
content_545bb6cc7081ded3,0.00782008105485473,17519,0.0707085499499646,Review for general optimization potential,
content_963de14b1f58978f,0.0031106937433971124,17038,0.06909358652054705,REVIEW_FOR_REFRESH,REFRESH_POTENTIAL_CTR_GAIN
content_545bb6cc7081ded3,0.008027316839393757,16693,0.06736065347034081,Review for general optimization potential,
content_eadb33b5df496f4a,0.006434542065067051,16629,0.06721014050588626,Review for general optimization potential,
content_9ef3d7516483e665,0.001335518727614885,16473,0.0669213183308519,REVIEW_FOR_REFRESH,REFRESH_POTENTIAL_CTR_GAIN
content_eadb33b5df496f4a,0.007791266533792354,16557,0.0668277562178126,Review for general optimization potential,
content_545bb6cc7081ded3,0.0060318040577590935,16413,0.06636401357057431,REVIEW_FOR_REFRESH,REFRESH_POTENTIAL_CTR_GAIN
content_545bb6cc7081ded3,0.006179637787567303,16344,0.06607519139553994,REVIEW_FOR_REFRESH,REFRESH_POTENTIAL_CTR_GAIN
content_963de14b1f58978f,0.0015508684863523574,16120,0.0654731395377218,REVIEW_FOR_REFRESH,REFRESH_POTENTIAL_CTR_GAIN
content_012de75c008aa653,0.0,15891,0.06464328427424275,REVIEW_FOR_REFRESH,REFRESH_POTENTIAL_CTR_GAIN
content_545bb6cc7081ded3,0.007078303735069203,15823,0.06391105904176124,Review for general optimization potential,
content_eadb33b5df496f4a,0.003684879288437103,15740,0.06379308942097256,REVIEW_FOR_REFRESH,REFRESH_POTENTIAL_CTR_GAIN
content_68ffc95c19f61219,0.0,15527,0.06316256213744681,REVIEW_FOR_REFRESH,REFRESH_POTENTIAL_CTR_GAIN
content_32c5cc913fb4ff41,0.0008425145819831498,15430,0.06271509116204144,REVIEW_FOR_REFRESH,REFRESH_POTENTIAL_CTR_GAIN
content_eadb33b5df496f4a,0.004623599895806199,15356,0.062178125991555,REVIEW_FOR_REFRESH,REFRESH_POTENTIAL_CTR_GAIN
content_943dc881428182b8,0.0012417489053003071,15301,0.06216592223768031,REVIEW_FOR_REFRESH,REFRESH_POTENTIAL_CTR_GAIN
content_963de14b1f58978f,0.0027440219521756176,15306,0.062092699714432154,REVIEW_FOR_REFRESH,REFRESH_POTENTIAL_CTR_GAIN
content_f88878f155e4838d,0.009030231645072634,15282,0.06160454955944448,Review for general optimization potential,
content_545bb6cc7081ded3,0.00462198745460548,15145,0.06132386322032657,REVIEW_FOR_REFRESH,REFRESH_POTENTIAL_CTR_GAIN
content_545bb6cc7081ded3,0.004969191015702644,15093,0.06109199189670743,REVIEW_FOR_REFRESH,REFRESH_POTENTIAL_CTR_GAIN
content_943dc881428182b8,0.0009322767530132517,15017,0.061030973127333965,REVIEW_FOR_REFRESH,REFRESH_POTENTIAL_CTR_GAIN
content_545bb6cc7081ded3,0.0052460322730593,15059,0.06093741101429466,REVIEW_FOR_REFRESH,REFRESH_POTENTIAL_CTR_GAIN
content_943dc881428182b8,0.0016037420648179084,14965,0.06077876221392366,REVIEW_FOR_REFRESH,REFRESH_POTENTIAL_CTR_GAIN
content_f88878f155e4838d,0.008106850953551731,15049,0.060721811362508434,Review for general optimization potential,
content_c60628276389acbb,0.0,14920,0.06069333593680082,REVIEW_FOR_REFRESH,REFRESH_POTENTIAL_CTR_GAIN
content_e7cd191e4ba62608,0.002366943937242172,14787,0.06000992571981808,REVIEW_FOR_REFRESH,REFRESH_POTENTIAL_CTR_GAIN
content_943dc881428182b8,0.0010922992900054614,14648,0.059521775564830404,REVIEW_FOR_REFRESH,REFRESH_POTENTIAL_CTR_GAIN
content_943dc881428182b8,0.0006153846153846154,14625,0.05945668887749871,REVIEW_FOR_REFRESH,REFRESH_POTENTIAL_CTR_GAIN
content_9540d884af3e41fd,0.0,14587,0.059338719256710026,REVIEW_FOR_REFRESH,REFRESH_POTENTIAL_CTR_GAIN
content_f88878f155e4838d,0.00944614339109752,14715,0.05929397215916949,Review for general optimization potential,
content_943dc881428182b8,0.0015757741847081392,14596,0.059281768405294796,REVIEW_FOR_REFRESH,REFRESH_POTENTIAL_CTR_GAIN
content_32c5cc913fb4ff41,0.0010971679352670919,14583,0.05925736089754542,REVIEW_FOR_REFRESH,REFRESH_POTENTIAL_CTR_GAIN
content_545bb6cc7081ded3,0.006583007611602551,14583,0.05893192746088696,Review for general optimization potential,
content_68ffc95c19f61219,0.00013849456408835954,14441,0.05873666739889189,REVIEW_FOR_REFRESH,REFRESH_POTENTIAL_CTR_GAIN
content_963de14b1f58978f,0.0016613595458950575,14446,0.05866751279360197,REVIEW_FOR_REFRESH,REFRESH_POTENTIAL_CTR_GAIN
content_cc26620b2cbb837f,0.0020302436292355085,14284,0.05798817049457746,REVIEW_FOR_REFRESH,REFRESH_POTENTIAL_CTR_GAIN
content_545bb6cc7081ded3,0.007043726898667968,14339,0.057919015889287544,Review for general optimization potential,
content_c1f764a2f362d1c3,0.0004214667041303737,14236,0.057886472545621695,REVIEW_FOR_REFRESH,REFRESH_POTENTIAL_CTR_GAIN
content_a9322b74ca7cb1bb,0.0,14148,0.05755290327304678,REVIEW_FOR_REFRESH,REFRESH_POTENTIAL_CTR_GAIN
content_32c5cc913fb4ff41,0.0005652911249293386,14152,0.05753663160121386,REVIEW_FOR_REFRESH,REFRESH_POTENTIAL_CTR_GAIN
content_9ef3d7516483e665,0.001978099611444719,14155,0.057467476995923944,REVIEW_FOR_REFRESH,REFRESH_POTENTIAL_CTR_GAIN
content_9540d884af3e41fd,0.0001419244961680386,14092,0.05731696403146941,REVIEW_FOR_REFRESH,REFRESH_POTENTIAL_CTR_GAIN
content_cc26620b2cbb837f,0.004250797024442083,14115,0.05717458690293134,REVIEW_FOR_REFRESH,REFRESH_POTENTIAL_CTR_GAIN
content_32c5cc913fb4ff41,0.0004268032437046522,14058,0.05716238314905664,REVIEW_FOR_REFRESH,REFRESH_POTENTIAL_CTR_GAIN
content_943dc881428182b8,0.0012091898428053204,14059,0.057121703969474344,REVIEW_FOR_REFRESH,REFRESH_POTENTIAL_CTR_GAIN
content_943dc881428182b8,0.0018526435798774405,14034,0.056983394758894496,REVIEW_FOR_REFRESH,REFRESH_POTENTIAL_CTR_GAIN
content_cc26620b2cbb837f,0.0015713163345475324,14001,0.05686542513810581,REVIEW_FOR_REFRESH,REFRESH_POTENTIAL_CTR_GAIN
content_9540d884af3e41fd,0.0,13942,0.05671491217365127,REVIEW_FOR_REFRESH,REFRESH_POTENTIAL_CTR_GAIN
content_943dc881428182b8,0.0007198387561186294,13892,0.056470837096157446,REVIEW_FOR_REFRESH,REFRESH_POTENTIAL_CTR_GAIN
content_545bb6cc7081ded3,0.006871868289191124,13970,0.05643829375249159,Review for general optimization potential,
content_eadb33b5df496f4a,0.004021543985637343,13925,0.05641795416270044,REVIEW_FOR_REFRESH,REFRESH_POTENTIAL_CTR_GAIN
content_943dc881428182b8,0.0008684953318375914,13817,0.05615760741337368,REVIEW_FOR_REFRESH,REFRESH_POTENTIAL_CTR_GAIN
content_e22d7d712577870a,7.25531451788435e-05,13783,0.056064045300334375,REVIEW_FOR_REFRESH,REFRESH_POTENTIAL_CTR_GAIN
content_e22d7d712577870a,0.0,13778,0.056047773628501454,REVIEW_FOR_REFRESH,REFRESH_POTENTIAL_CTR_GAIN
content_32c5cc913fb4ff41,0.0007255314517884351,13783,0.0560274340387103,REVIEW_FOR_REFRESH,REFRESH_POTENTIAL_CTR_GAIN
content_eadb33b5df496f4a,0.004705712010424962,13813,0.05592573608975454,REVIEW_FOR_REFRESH,REFRESH_POTENTIAL_CTR_GAIN
content_32c5cc913fb4ff41,0.0010913059294288831,13745,0.05585251356650639,REVIEW_FOR_REFRESH,REFRESH_POTENTIAL_CTR_GAIN
content_9540d884af3e41fd,0.0,13683,0.055661321422469545,REVIEW_FOR_REFRESH,REFRESH_POTENTIAL_CTR_GAIN
content_9ef3d7516483e665,0.006250454248128498,13759,0.05562064224288724,REVIEW_FOR_REFRESH,REFRESH_POTENTIAL_CTR_GAIN
content_012de75c008aa653,0.0,13636,0.05547012927843271,REVIEW_FOR_REFRESH,REFRESH_POTENTIAL_CTR_GAIN
content_32c5cc913fb4ff41,0.0008072801996183766,13626,0.05538470300130986,REVIEW_FOR_REFRESH,REFRESH_POTENTIAL_CTR_GAIN
content_943dc881428182b8,0.0010288821929889027,13607,0.05529520880622879,REVIEW_FOR_REFRESH,REFRESH_POTENTIAL_CTR_GAIN
content_c1f764a2f362d1c3,0.00014726456078344746,13581,0.05523825795481356,REVIEW_FOR_REFRESH,REFRESH_POTENTIAL_CTR_GAIN
content_943dc881428182b8,0.0008853474988933156,13554,0.055087744990359025,REVIEW_FOR_REFRESH,REFRESH_POTENTIAL_CTR_GAIN
content_f88878f155e4838d,0.008137900421691205,13517,0.0545385760659979,Review for general optimization potential,
content_943dc881428182b8,0.0010436857015058893,13414,0.05451010064029028,REVIEW_FOR_REFRESH,REFRESH_POTENTIAL_CTR_GAIN
content_943dc881428182b8,0.0006721433905899926,13390,0.0544328101990839,REVIEW_FOR_REFRESH,REFRESH_POTENTIAL_CTR_GAIN
content_963de14b1f58978f,0.0023893078473829613,13393,0.05435145183991929,REVIEW_FOR_REFRESH,REFRESH_POTENTIAL_CTR_GAIN
content_32c5cc913fb4ff41,0.0012090071029167296,13234,0.05376973957189231,REVIEW_FOR_REFRESH,REFRESH_POTENTIAL_CTR_GAIN
content_eadb33b5df496f4a,0.005504033778179899,13263,0.053655837869061855,REVIEW_FOR_REFRESH,REFRESH_POTENTIAL_CTR_GAIN
content_33d31496fca9665e,0.00015173355587588195,13181,0.05361109077152132,REVIEW_FOR_REFRESH,REFRESH_POTENTIAL_CTR_GAIN
content_943dc881428182b8,0.0015917532024558479,13193,0.0535826153458137,REVIEW_FOR_REFRESH,REFRESH_POTENTIAL_CTR_GAIN
content_32c5cc913fb4ff41,0.0006836827711941659,13164,0.05351346074052378,REVIEW_FOR_REFRESH,REFRESH_POTENTIAL_CTR_GAIN
content_9540d884af3e41fd,7.650524060898171e-05,13071,0.05316768771407417,REVIEW_FOR_REFRESH,REFRESH_POTENTIAL_CTR_GAIN
content_c1f764a2f362d1c3,7.722604062089736e-05,12949,0.052671401723170044,REVIEW_FOR_REFRESH,REFRESH_POTENTIAL_CTR_GAIN
content_943dc881428182b8,0.0007717835918808366,12957,0.05266733380521182,REVIEW_FOR_REFRESH,REFRESH_POTENTIAL_CTR_GAIN
content_963de14b1f58978f,0.0024858230404723063,12873,0.052236134501639366,REVIEW_FOR_REFRESH,REFRESH_POTENTIAL_CTR_GAIN
content_c1f764a2f362d1c3,0.00015664160401002505,12768,0.05193104065477206,REVIEW_FOR_REFRESH,REFRESH_POTENTIAL_CTR_GAIN
content_943dc881428182b8,0.000948316737790422,12654,0.05142661882795148,REVIEW_FOR_REFRESH,REFRESH_POTENTIAL_CTR_GAIN
content_943dc881428182b8,0.001266323703996834,12635,0.051333056714912166,REVIEW_FOR_REFRESH,REFRESH_POTENTIAL_CTR_GAIN
content_32c5cc913fb4ff41,0.0012701436850043662,12597,0.051178475832499404,REVIEW_FOR_REFRESH,REFRESH_POTENTIAL_CTR_GAIN
content_963de14b1f58978f,0.001588688537612201,12589,0.05112966081700064,REVIEW_FOR_REFRESH,REFRESH_POTENTIAL_CTR_GAIN
content_62aa9910370a05d3,0.00023866348448687351,12570,0.051121524981084174,REVIEW_FOR_REFRESH,REFRESH_POTENTIAL_CTR_GAIN
content_f88878f155e4838d,0.00882703777335984,12575,0.05070252943138642,Review for general optimization potential,
content_61215c724c8220ae,0.007894312872563236,12414,0.05010047757356829,Review for general optimization potential,
content_943dc881428182b8,0.0018643106103590824,12337,0.05009234173765183,REVIEW_FOR_REFRESH,REFRESH_POTENTIAL_CTR_GAIN
content_963de14b1f58978f,0.0013049506565532992,12261,0.04981165539853392,REVIEW_FOR_REFRESH,REFRESH_POTENTIAL_CTR_GAIN
content_012de75c008aa653,0.0,12205,0.049648938680204695,REVIEW_FOR_REFRESH,REFRESH_POTENTIAL_CTR_GAIN
content_cc26620b2cbb837f,0.002323458634138246,12051,0.04890857761180672,REVIEW_FOR_REFRESH,REFRESH_POTENTIAL_CTR_GAIN
content_54d5ce7b65ee6401,0.05677959409302693,12663,0.048587212093106506,Review for general optimization potential,
content_b40551e4d1418a3d,0.05677959409302693,12663,0.048587212093106506,Review for general optimization potential,
content_56d2e24db684b94e,0.05677959409302693,12663,0.048587212093106506,Review for general optimization potential,
content_11bf4c33adea7bdc,0.0,11846,0.0481885561331999,REVIEW_FOR_REFRESH,REFRESH_POTENTIAL_CTR_GAIN
content_9ef3d7516483e665,0.001521555367709214,11830,0.04805024692262006,REVIEW_FOR_REFRESH,REFRESH_POTENTIAL_CTR_GAIN
content_ba462518dad435fc,0.0,11757,0.047826511434917375,REVIEW_FOR_REFRESH,REFRESH_POTENTIAL_CTR_GAIN
content_963de14b1f58978f,0.0016379310344827587,11600,0.047110557874268794,REVIEW_FOR_REFRESH,REFRESH_POTENTIAL_CTR_GAIN
content_c60628276389acbb,0.0,11487,0.04672817358619511,REVIEW_FOR_REFRESH,REFRESH_POTENTIAL_CTR_GAIN
content_f88878f155e4838d,0.008823529411764706,11560,0.04661020396540642,Review for general optimization potential,
content_c1f764a2f362d1c3,8.727526618956188e-05,11458,0.04660613604744819,REVIEW_FOR_REFRESH,REFRESH_POTENTIAL_CTR_GAIN
content_c1f764a2f362d1c3,8.795848359574281e-05,11369,0.04624409134916566,REVIEW_FOR_REFRESH,REFRESH_POTENTIAL_CTR_GAIN
content_ac1ddc0c0e79289f,0.020103986135181974,11540,0.04600001627167183,Review for general optimization potential,
content_32c5cc913fb4ff41,0.0008851124092759781,11298,0.04591865791250721,REVIEW_FOR_REFRESH,REFRESH_POTENTIAL_CTR_GAIN
content_e7cd191e4ba62608,0.000975177304964539,11280,0.04584136747130083,REVIEW_FOR_REFRESH,REFRESH_POTENTIAL_CTR_GAIN
content_11bf4c33adea7bdc,0.0,11263,0.04581695996355145,REVIEW_FOR_REFRESH,REFRESH_POTENTIAL_CTR_GAIN
content_c1f764a2f362d1c3,0.00035698348951361,11205,0.04556474905014116,REVIEW_FOR_REFRESH,REFRESH_POTENTIAL_CTR_GAIN
content_545bb6cc7081ded3,0.00853855833183534,11126,0.04487320299724195,Review for general optimization potential,
content_e22d7d712577870a,0.00018158707100054475,11014,0.044795912556035565,REVIEW_FOR_REFRESH,REFRESH_POTENTIAL_CTR_GAIN
content_68ffc95c19f61219,0.0,10964,0.044600652494040494,REVIEW_FOR_REFRESH,REFRESH_POTENTIAL_CTR_GAIN
content_b40551e4d1418a3d,0.05536391859261815,11596,0.044559973314458184,Review for general optimization potential,
content_56d2e24db684b94e,0.05536391859261815,11596,0.044559973314458184,Review for general optimization potential,
content_54d5ce7b65ee6401,0.05536391859261815,11596,0.044559973314458184,Review for general optimization potential,
content_c1f764a2f362d1c3,0.0,10945,0.044523362052834116,REVIEW_FOR_REFRESH,REFRESH_POTENTIAL_CTR_GAIN
content_974d211ac7627ad5,9.153318077803204e-05,10925,0.04443793577571127,REVIEW_FOR_REFRESH,REFRESH_POTENTIAL_CTR_GAIN
content_ac1ddc0c0e79289f,0.017158854872211686,11073,0.044271151139423814,Review for general optimization potential,
content_c1f764a2f362d1c3,0.0,10852,0.04414504568271867,REVIEW_FOR_REFRESH,REFRESH_POTENTIAL_CTR_GAIN
content_9ef3d7516483e665,0.001474518477559672,10851,0.04407589107742874,REVIEW_FOR_REFRESH,REFRESH_POTENTIAL_CTR_GAIN
content_62aa9910370a05d3,0.0005535055350553505,10840,0.04407182315947051,REVIEW_FOR_REFRESH,REFRESH_POTENTIAL_CTR_GAIN
content_c60628276389acbb,0.0,10726,0.04363248801998161,REVIEW_FOR_REFRESH,REFRESH_POTENTIAL_CTR_GAIN
content_9ef3d7516483e665,0.006490496059341678,10785,0.043587740922441075,Review for general optimization potential,
content_9ef3d7516483e665,0.0016899821612994085,10651,0.04325417164986616,REVIEW_FOR_REFRESH,REFRESH_POTENTIAL_CTR_GAIN
content_545bb6cc7081ded3,0.007896963429538403,10637,0.04292873821320771,Review for general optimization potential,
content_ac1ddc0c0e79289f,0.01387846961740435,10664,0.04277822524875318,Review for general optimization potential,
content_545bb6cc7081ded3,0.007562151432082428,10579,0.042709070643463264,Review for general optimization potential,
content_32c5cc913fb4ff41,0.0016188934387201218,10501,0.0426480518740898,REVIEW_FOR_REFRESH,REFRESH_POTENTIAL_CTR_GAIN
content_acbcc847f8996314,0.0006681301899398683,10477,0.04259110102267457,REVIEW_FOR_REFRESH,REFRESH_POTENTIAL_CTR_GAIN
content_c1f764a2f362d1c3,0.0004788354721317755,10442,0.04245685973005296,REVIEW_FOR_REFRESH,REFRESH_POTENTIAL_CTR_GAIN
content_963de14b1f58978f,0.0016277288395250861,10444,0.04241618055047065,REVIEW_FOR_REFRESH,REFRESH_POTENTIAL_CTR_GAIN
content_c15dabdcf2be1866,0.0010559662090813093,10417,0.042330754273347815,REVIEW_FOR_REFRESH,REFRESH_POTENTIAL_CTR_GAIN
content_33d31496fca9665e,0.0001937984496124031,10320,0.04197277749302352,REVIEW_FOR_REFRESH,REFRESH_POTENTIAL_CTR_GAIN
content_9ef3d7516483e665,0.0031958163858221964,10326,0.04187107954406775,REVIEW_FOR_REFRESH,REFRESH_POTENTIAL_CTR_GAIN
content_33d31496fca9665e,9.785693316371466e-05,10219,0.04156598569720046,REVIEW_FOR_REFRESH,REFRESH_POTENTIAL_CTR_GAIN
content_9ef3d7516483e665,0.003423987477988652,10222,0.0414398802404953,REVIEW_FOR_REFRESH,REFRESH_POTENTIAL_CTR_GAIN
content_62aa9910370a05d3,0.0005914243469689502,10145,0.04124462017850024,REVIEW_FOR_REFRESH,REFRESH_POTENTIAL_CTR_GAIN
content_9ef3d7516483e665,0.0015923566878980893,10048,0.04080935295696956,REVIEW_FOR_REFRESH,REFRESH_POTENTIAL_CTR_GAIN
content_808edb5f5c89fc31,0.0001994614540740002,10027,0.040780877531261944,REVIEW_FOR_REFRESH,REFRESH_POTENTIAL_CTR_GAIN
content_963de14b1f58978f,0.0017953321364452424,10026,0.04071172292597203,REVIEW_FOR_REFRESH,REFRESH_POTENTIAL_CTR_GAIN
content_eadb33b5df496f4a,0.003703703703703704,9990,0.04048798743826935,REVIEW_FOR_REFRESH,REFRESH_POTENTIAL_CTR_GAIN
content_e7eb61dc1ce9a2c4,0.00040225261464199515,9944,0.040435104504812344,REVIEW_FOR_REFRESH,REFRESH_POTENTIAL_CTR_GAIN
content_9ef3d7516483e665,0.004110687788249448,9974,0.04040662907910473,REVIEW_FOR_REFRESH,REFRESH_POTENTIAL_CTR_GAIN
content_2a59ec1a038313d2,0.004410585404971933,9976,0.040402561161146495,REVIEW_FOR_REFRESH,REFRESH_POTENTIAL_CTR_GAIN
content_ac1ddc0c0e79289f,0.01823253960346717,10037,0.04008526356040451,Review for general optimization potential,
content_cc26620b2cbb837f,0.0014208870394803613,9853,0.04002424479103105,REVIEW_FOR_REFRESH,REFRESH_POTENTIAL_CTR_GAIN
content_b40551e4d1418a3d,0.05750431282346176,10434,0.04000390520123989,Review for general optimization potential,
content_54d5ce7b65ee6401,0.05750431282346176,10434,0.04000390520123989,Review for general optimization potential,
content_56d2e24db684b94e,0.05750431282346176,10434,0.04000390520123989,Review for general optimization potential,
content_ac1ddc0c0e79289f,0.01591910292350821,9988,0.03998356561144875,Review for general optimization potential,
content_c1f764a2f362d1c3,0.00020468734008801556,9771,0.03973949053395491,REVIEW_FOR_REFRESH,REFRESH_POTENTIAL_CTR_GAIN
content_9ef3d7516483e665,0.0030721966205837174,9765,0.03960118132337507,REVIEW_FOR_REFRESH,REFRESH_POTENTIAL_CTR_GAIN
content_11bf4c33adea7bdc,0.0,9702,0.039466940030753454,REVIEW_FOR_REFRESH,REFRESH_POTENTIAL_CTR_GAIN
content_963de14b1f58978f,0.002370645227788085,9702,0.03937337791771415,REVIEW_FOR_REFRESH,REFRESH_POTENTIAL_CTR_GAIN
content_eadb33b5df496f4a,0.0038171876611988033,9693,0.03927981580467485,REVIEW_FOR_REFRESH,REFRESH_POTENTIAL_CTR_GAIN
content_ac1ddc0c0e79289f,0.01501072194424589,9793,0.03923913662509254,Review for general optimization potential,
content_c15dabdcf2be1866,0.0011427384167878663,9626,0.039113031168387394,REVIEW_FOR_REFRESH,REFRESH_POTENTIAL_CTR_GAIN
content_33d31496fca9665e,0.0002089864158829676,9570,0.038921839024350556,REVIEW_FOR_REFRESH,REFRESH_POTENTIAL_CTR_GAIN
content_acbcc847f8996314,0.0011611949751926527,9473,0.03849063972077811,REVIEW_FOR_REFRESH,REFRESH_POTENTIAL_CTR_GAIN
content_eadb33b5df496f4a,0.005049442457395329,9506,0.03847436804894518,REVIEW_FOR_REFRESH,REFRESH_POTENTIAL_CTR_GAIN
content_012de75c008aa653,0.0,9453,0.038454028459154035,REVIEW_FOR_REFRESH,REFRESH_POTENTIAL_CTR_GAIN
content_963de14b1f58978f,0.0025335163095112426,9473,0.038437756787321115,REVIEW_FOR_REFRESH,REFRESH_POTENTIAL_CTR_GAIN
content_b40551e4d1418a3d,0.05549445055494451,10001,0.03842555303344642,Review for general optimization potential,
content_56d2e24db684b94e,0.05549445055494451,10001,0.03842555303344642,Review for general optimization potential,
content_54d5ce7b65ee6401,0.05549445055494451,10001,0.03842555303344642,Review for general optimization potential,
content_54d5ce7b65ee6401,0.054086538461538464,9984,0.03841741719752995,Review for general optimization potential,
content_b40551e4d1418a3d,0.054086538461538464,9984,0.03841741719752995,Review for general optimization potential,
content_56d2e24db684b94e,0.054086538461538464,9984,0.03841741719752995,Review for general optimization potential,
content_11bf4c33adea7bdc,0.0,9427,0.038348262592240036,REVIEW_FOR_REFRESH,REFRESH_POTENTIAL_CTR_GAIN
content_acbcc847f8996314,0.0013774104683195593,9438,0.038340126756323575,REVIEW_FOR_REFRESH,REFRESH_POTENTIAL_CTR_GAIN
content_545bb6cc7081ded3,0.007913896802785692,9477,0.03824656464328427,Review for general optimization potential,
content_ac1ddc0c0e79289f,0.018170426065162906,9576,0.03824656464328427,Review for general optimization potential,
content_c60628276389acbb,0.0,9329,0.03794960663233343,REVIEW_FOR_REFRESH,REFRESH_POTENTIAL_CTR_GAIN
content_9ef3d7516483e665,0.0029022895840051595,9303,0.03773400698054721,REVIEW_FOR_REFRESH,REFRESH_POTENTIAL_CTR_GAIN
content_ac1ddc0c0e79289f,0.016332590942835932,9429,0.03772993906258898,Review for general optimization potential,
content_68ffc95c19f61219,0.0002170374389582203,9215,0.037477728149178685,REVIEW_FOR_REFRESH,REFRESH_POTENTIAL_CTR_GAIN
content_375257df1d34113b,0.047337891029625025,9654,0.037412641461846995,Review for general optimization potential,
content_bbff2da5b5610190,0.047337891029625025,9654,0.037412641461846995,Review for general optimization potential,
content_dd27d50fad609dad,0.047337891029625025,9654,0.037412641461846995,Review for general optimization potential,
content_eeb80fe61ab6c8da,0.047337891029625025,9654,0.037412641461846995,Review for general optimization potential,
content_747ee32a555e84af,0.047337891029625025,9654,0.037412641461846995,Review for general optimization potential,
content_beffdcbbc8a90c66,0.047337891029625025,9654,0.037412641461846995,Review for general optimization potential,
content_cb5b56fc75aa3f4a,0.047337891029625025,9654,0.037412641461846995,Review for general optimization potential,
content_9f39cae3e08ff9b1,0.047337891029625025,9654,0.037412641461846995,Review for general optimization potential,
content_b82e3d10d61b6803,0.047337891029625025,9654,0.037412641461846995,Review for general optimization potential,
content_ce6588c51b94d63b,0.047337891029625025,9654,0.037412641461846995,Review for general optimization potential,
content_c15dabdcf2be1866,0.0021753317380900587,9194,0.03731907934880769,REVIEW_FOR_REFRESH,REFRESH_POTENTIAL_CTR_GAIN
content_eadb33b5df496f4a,0.003152516577888901,9199,0.03730280767697477,REVIEW_FOR_REFRESH,REFRESH_POTENTIAL_CTR_GAIN
content_ac1ddc0c0e79289f,0.016840072937895526,9323,0.03728653600514184,Review for general optimization potential,
content_56d2e24db684b94e,0.06060917884338341,9718,0.03713602304068731,Review for general optimization potential,
content_54d5ce7b65ee6401,0.06060917884338341,9718,0.03713602304068731,Review for general optimization potential,
content_b40551e4d1418a3d,0.06060917884338341,9718,0.03713602304068731,Review for general optimization potential,
content_cc26620b2cbb837f,0.0017532325224632918,9126,0.03705873259948093,REVIEW_FOR_REFRESH,REFRESH_POTENTIAL_CTR_GAIN
content_012de75c008aa653,0.0,9109,0.0370546646815227,REVIEW_FOR_REFRESH,REFRESH_POTENTIAL_CTR_GAIN
content_c1f764a2f362d1c3,0.0,9104,0.037034325091731546,REVIEW_FOR_REFRESH,REFRESH_POTENTIAL_CTR_GAIN
content_ac1ddc0c0e79289f,0.015790612156608264,9246,0.037018053419898625,Review for general optimization potential,
content_c1f764a2f362d1c3,0.00011022927689594356,9072,0.03690008379910993,REVIEW_FOR_REFRESH,REFRESH_POTENTIAL_CTR_GAIN
content_012de75c008aa653,0.0,9059,0.03685126878361117,REVIEW_FOR_REFRESH,REFRESH_POTENTIAL_CTR_GAIN
content_ac1ddc0c0e79289f,0.01598173515981735,9198,0.03681872543994532,Review for general optimization potential,
content_3929dfb0071c9adb,0.02457956015523933,9276,0.03680652168607063,Review for general optimization potential,
content_eadb33b5df496f4a,0.004081632653061225,9065,0.036725163326906014,REVIEW_FOR_REFRESH,REFRESH_POTENTIAL_CTR_GAIN
content_661a7734f691bef5,0.000775451423507256,9027,0.03669261998324017,REVIEW_FOR_REFRESH,REFRESH_POTENTIAL_CTR_GAIN
content_012de75c008aa653,0.0,8970,0.03648922408532864,REVIEW_FOR_REFRESH,REFRESH_POTENTIAL_CTR_GAIN
content_943dc881428182b8,0.001560410164957646,8972,0.03644040906982988,REVIEW_FOR_REFRESH,REFRESH_POTENTIAL_CTR_GAIN
content_26be6eb87f2bc45f,0.0006701664246621244,8953,0.03639566197228934,REVIEW_FOR_REFRESH,REFRESH_POTENTIAL_CTR_GAIN
content_9ef3d7516483e665,0.0037937960276723946,8962,0.03631837153108296,REVIEW_FOR_REFRESH,REFRESH_POTENTIAL_CTR_GAIN
content_9540d884af3e41fd,0.00011232168931820734,8903,0.036212605664168965,REVIEW_FOR_REFRESH,REFRESH_POTENTIAL_CTR_GAIN
content_acbcc847f8996314,0.0014603459896652437,8902,0.03615972273071197,REVIEW_FOR_REFRESH,REFRESH_POTENTIAL_CTR_GAIN
content_adcc7b85a04c187d,0.254296114450182,11813,0.03583428929405351,Review for general optimization potential,
content_54f2b96801c90591,0.254296114450182,11813,0.03583428929405351,Review for general optimization potential,
content_acbcc847f8996314,0.0013627072450601862,8806,0.03577327052468005,REVIEW_FOR_REFRESH,REFRESH_POTENTIAL_CTR_GAIN
content_661a7734f691bef5,0.001717819514429684,8732,0.035460040841896294,REVIEW_FOR_REFRESH,REFRESH_POTENTIAL_CTR_GAIN
content_21309e9a83c83653,0.0016062413951353832,8716,0.03539902207252284,REVIEW_FOR_REFRESH,REFRESH_POTENTIAL_CTR_GAIN
content_cb5b56fc75aa3f4a,0.05516188815000545,9173,0.03525664494398477,Review for general optimization potential,
content_beffdcbbc8a90c66,0.05516188815000545,9173,0.03525664494398477,Review for general optimization potential,
content_9f39cae3e08ff9b1,0.05516188815000545,9173,0.03525664494398477,Review for general optimization potential,
content_747ee32a555e84af,0.05516188815000545,9173,0.03525664494398477,Review for general optimization potential,
content_375257df1d34113b,0.05516188815000545,9173,0.03525664494398477,Review for general optimization potential,
content_eeb80fe61ab6c8da,0.05516188815000545,9173,0.03525664494398477,Review for general optimization potential,
content_dd27d50fad609dad,0.05516188815000545,9173,0.03525664494398477,Review for general optimization potential,
content_bbff2da5b5610190,0.05516188815000545,9173,0.03525664494398477,Review for general optimization potential,
content_b82e3d10d61b6803,0.05516188815000545,9173,0.03525664494398477,Review for general optimization potential,
content_ce6588c51b94d63b,0.05516188815000545,9173,0.03525664494398477,Review for general optimization potential,
content_acbcc847f8996314,0.0008117824423054622,8623,0.035049181128115,REVIEW_FOR_REFRESH,REFRESH_POTENTIAL_CTR_GAIN
content_d0acf7062bc6b257,0.00034904013961605586,8595,0.03495155109711748,REVIEW_FOR_REFRESH,REFRESH_POTENTIAL_CTR_GAIN
content_32c5cc913fb4ff41,0.0005817335660267597,8595,0.03494341526120101,REVIEW_FOR_REFRESH,REFRESH_POTENTIAL_CTR_GAIN
content_b902320872acab45,0.000350385423966363,8562,0.034817309804495856,REVIEW_FOR_REFRESH,REFRESH_POTENTIAL_CTR_GAIN
content_e7eb61dc1ce9a2c4,0.0002339728591483388,8548,0.03476442687103886,REVIEW_FOR_REFRESH,REFRESH_POTENTIAL_CTR_GAIN
content_acbcc847f8996314,0.0014044943820224719,8544,0.03470747601962363,REVIEW_FOR_REFRESH,REFRESH_POTENTIAL_CTR_GAIN
content_61215c724c8220ae,0.008623703531056987,8581,0.03460577807066787,Review for general optimization potential,
content_cca099da6c658785,0.0030545112781954886,8512,0.034520351793545026,REVIEW_FOR_REFRESH,REFRESH_POTENTIAL_CTR_GAIN
content_891ace5e13e74d99,0.0,8428,0.034284412551967645,REVIEW_FOR_REFRESH,REFRESH_POTENTIAL_CTR_GAIN
content_0e03de7680314cd5,0.0013056379821958456,8425,0.03422746170055242,REVIEW_FOR_REFRESH,REFRESH_POTENTIAL_CTR_GAIN
content_d0acf7062bc6b257,0.0,8405,0.03419085043892835,REVIEW_FOR_REFRESH,REFRESH_POTENTIAL_CTR_GAIN
content_6c64fe9b8a2d145d,0.014310850439882698,8525,0.034182714603011886,Review for general optimization potential,
content_21309e9a83c83653,0.0015448603683897802,8415,0.03417864668505365,REVIEW_FOR_REFRESH,REFRESH_POTENTIAL_CTR_GAIN
content_c15dabdcf2be1866,0.0010718113612004287,8397,0.03412169583363842,REVIEW_FOR_REFRESH,REFRESH_POTENTIAL_CTR_GAIN
content_d0acf7062bc6b257,0.0,8387,0.034117627915680196,REVIEW_FOR_REFRESH,REFRESH_POTENTIAL_CTR_GAIN
content_661a7734f691bef5,0.001799640071985603,8335,0.03384507741247875,REVIEW_FOR_REFRESH,REFRESH_POTENTIAL_CTR_GAIN
content_963de14b1f58978f,0.0019200768030721229,8333,0.03383287365860405,REVIEW_FOR_REFRESH,REFRESH_POTENTIAL_CTR_GAIN
content_cc26620b2cbb837f,0.0016908212560386474,8280,0.03362540984273429,REVIEW_FOR_REFRESH,REFRESH_POTENTIAL_CTR_GAIN
content_26be6eb87f2bc45f,0.00012096286440062901,8267,0.03362540984273429,REVIEW_FOR_REFRESH,REFRESH_POTENTIAL_CTR_GAIN
content_cc26620b2cbb837f,0.0014498006524102935,8277,0.03362134192477605,REVIEW_FOR_REFRESH,REFRESH_POTENTIAL_CTR_GAIN
content_dce7b0a4705c9f32,0.00012134449702705982,8241,0.03351964397582029,REVIEW_FOR_REFRESH,REFRESH_POTENTIAL_CTR_GAIN
content_acbcc847f8996314,0.001333494969087162,8249,0.033511508139903834,REVIEW_FOR_REFRESH,REFRESH_POTENTIAL_CTR_GAIN
content_012de75c008aa653,0.0,8198,0.033348791421574604,REVIEW_FOR_REFRESH,REFRESH_POTENTIAL_CTR_GAIN
content_68ffc95c19f61219,0.0,8178,0.03326743306240999,REVIEW_FOR_REFRESH,REFRESH_POTENTIAL_CTR_GAIN
content_cc26620b2cbb837f,0.0006136475208640157,8148,0.03312505593387192,REVIEW_FOR_REFRESH,REFRESH_POTENTIAL_CTR_GAIN
content_acbcc847f8996314,0.0020894788593903636,8136,0.033027425902874386,REVIEW_FOR_REFRESH,REFRESH_POTENTIAL_CTR_GAIN
content_c60628276389acbb,0.00012368583797155226,8085,0.03288504877433632,REVIEW_FOR_REFRESH,REFRESH_POTENTIAL_CTR_GAIN
content_e620957876424b65,0.0024697456162015314,8098,0.032860641266586936,REVIEW_FOR_REFRESH,REFRESH_POTENTIAL_CTR_GAIN
content_acbcc847f8996314,0.0006186587478346944,8082,0.0328565733486287,REVIEW_FOR_REFRESH,REFRESH_POTENTIAL_CTR_GAIN
content_7471467133493ce6,0.0001238390092879257,8075,0.03284436959475401,REVIEW_FOR_REFRESH,REFRESH_POTENTIAL_CTR_GAIN
content_963de14b1f58978f,0.0018582755203171457,8072,0.03277521498946409,REVIEW_FOR_REFRESH,REFRESH_POTENTIAL_CTR_GAIN
content_d0acf7062bc6b257,0.00037490627343164207,8002,0.03253927574788671,REVIEW_FOR_REFRESH,REFRESH_POTENTIAL_CTR_GAIN
content_ac1ddc0c0e79289f,0.018682399213372666,8136,0.032478256978513254,Review for general optimization potential,
content_b902320872acab45,0.0016290726817042606,7980,0.032409102373223336,REVIEW_FOR_REFRESH,REFRESH_POTENTIAL_CTR_GAIN
content_2a59ec1a038313d2,0.00462326627514682,8003,0.0324050344552651,REVIEW_FOR_REFRESH,REFRESH_POTENTIAL_CTR_GAIN
content_54f2b96801c90591,0.34330331322812524,12103,0.03233181193201695,Review for general optimization potential,
content_adcc7b85a04c187d,0.34330331322812524,12103,0.03233181193201695,Review for general optimization potential,
content_e7eb61dc1ce9a2c4,0.00012581781580271766,7948,0.032327744014058725,REVIEW_FOR_REFRESH,REFRESH_POTENTIAL_CTR_GAIN
content_62770e1299963fe4,0.0021348737912846917,7963,0.032323676096100484,REVIEW_FOR_REFRESH,REFRESH_POTENTIAL_CTR_GAIN
content_c60628276389acbb,0.0,7930,0.0322585894087688,REVIEW_FOR_REFRESH,REFRESH_POTENTIAL_CTR_GAIN
content_d0acf7062bc6b257,0.0003785011355034065,7926,0.032230113983061186,REVIEW_FOR_REFRESH,REFRESH_POTENTIAL_CTR_GAIN
content_77276ad7a26f4905,0.00315059861373661,7935,0.03217723104960419,REVIEW_FOR_REFRESH,REFRESH_POTENTIAL_CTR_GAIN
content_cc26620b2cbb837f,0.0010120177103099305,7905,0.03212434811614719,REVIEW_FOR_REFRESH,REFRESH_POTENTIAL_CTR_GAIN
content_d0acf7062bc6b257,0.00012663036596175764,7897,0.032120280198188966,REVIEW_FOR_REFRESH,REFRESH_POTENTIAL_CTR_GAIN
content_d0acf7062bc6b257,0.0006332320162107396,7896,0.032099940608397805,REVIEW_FOR_REFRESH,REFRESH_POTENTIAL_CTR_GAIN
content_c15dabdcf2be1866,0.001392228831793444,7901,0.03209587269043958,REVIEW_FOR_REFRESH,REFRESH_POTENTIAL_CTR_GAIN
content_9ef3d7516483e665,0.0026653128569615434,7879,0.0319656993157762,REVIEW_FOR_REFRESH,REFRESH_POTENTIAL_CTR_GAIN
content_661a7734f691bef5,0.0013996691691054843,7859,0.03192502013619389,REVIEW_FOR_REFRESH,REFRESH_POTENTIAL_CTR_GAIN
content_54d5ce7b65ee6401,0.05823727185398655,8328,0.03190468054640274,Review for general optimization potential,
content_11bf4c33adea7bdc,0.0,7843,0.03190468054640274,REVIEW_FOR_REFRESH,REFRESH_POTENTIAL_CTR_GAIN
content_b40551e4d1418a3d,0.05823727185398655,8328,0.03190468054640274,Review for general optimization potential,
content_56d2e24db684b94e,0.05823727185398655,8328,0.03190468054640274,Review for general optimization potential,
content_33d31496fca9665e,0.0003831417624521073,7830,0.03183959385907104,REVIEW_FOR_REFRESH,REFRESH_POTENTIAL_CTR_GAIN
content_d0acf7062bc6b257,0.0002556237218813906,7824,0.031819254269279895,REVIEW_FOR_REFRESH,REFRESH_POTENTIAL_CTR_GAIN
content_9ef3d7516483e665,0.0030608340772860605,7841,0.03179891467948874,REVIEW_FOR_REFRESH,REFRESH_POTENTIAL_CTR_GAIN
content_acbcc847f8996314,0.0010277492291880781,7784,0.03163213004320129,REVIEW_FOR_REFRESH,REFRESH_POTENTIAL_CTR_GAIN
content_c60628276389acbb,0.0,7749,0.03152229625832906,REVIEW_FOR_REFRESH,REFRESH_POTENTIAL_CTR_GAIN
content_d0acf7062bc6b257,0.0001290489095367144,7749,0.03151822834037083,REVIEW_FOR_REFRESH,REFRESH_POTENTIAL_CTR_GAIN
content_c1f764a2f362d1c3,0.0,7747,0.0315141604224126,REVIEW_FOR_REFRESH,REFRESH_POTENTIAL_CTR_GAIN
content_c60628276389acbb,0.0001291655902867476,7742,0.03148975291466321,REVIEW_FOR_REFRESH,REFRESH_POTENTIAL_CTR_GAIN
content_acbcc847f8996314,0.0012981955082435415,7703,0.03129449285266815,REVIEW_FOR_REFRESH,REFRESH_POTENTIAL_CTR_GAIN
content_68ffc95c19f61219,0.0,7613,0.030969059416009696,REVIEW_FOR_REFRESH,REFRESH_POTENTIAL_CTR_GAIN
content_62aa9910370a05d3,0.00026305405760883863,7603,0.03092024440051093,REVIEW_FOR_REFRESH,REFRESH_POTENTIAL_CTR_GAIN
content_c15dabdcf2be1866,0.0007887472065203102,7607,0.030920244400510926,REVIEW_FOR_REFRESH,REFRESH_POTENTIAL_CTR_GAIN
content_33d31496fca9665e,0.0,7600,0.030916176482552696,REVIEW_FOR_REFRESH,REFRESH_POTENTIAL_CTR_GAIN
content_ac1ddc0c0e79289f,0.012090483619344774,7692,0.030912108564594466,Review for general optimization potential,
content_d0acf7062bc6b257,0.0001318217769575534,7586,0.03085515771317924,REVIEW_FOR_REFRESH,REFRESH_POTENTIAL_CTR_GAIN
content_da223b6fa1879f41,0.00013183915622940013,7585,0.03085108979522101,REVIEW_FOR_REFRESH,REFRESH_POTENTIAL_CTR_GAIN
content_b902320872acab45,0.0011903187409072875,7561,0.030720916420557628,REVIEW_FOR_REFRESH,REFRESH_POTENTIAL_CTR_GAIN
content_acbcc847f8996314,0.0011912640635340834,7555,0.030696508912808243,REVIEW_FOR_REFRESH,REFRESH_POTENTIAL_CTR_GAIN
content_dce7b0a4705c9f32,0.0,7515,0.030570403456103096,REVIEW_FOR_REFRESH,REFRESH_POTENTIAL_CTR_GAIN
content_c1f764a2f362d1c3,0.00013313806417254693,7511,0.03055006386631194,REVIEW_FOR_REFRESH,REFRESH_POTENTIAL_CTR_GAIN
content_cca099da6c658785,0.004640063635158425,7543,0.03054192803039548,REVIEW_FOR_REFRESH,REFRESH_POTENTIAL_CTR_GAIN
content_cc26620b2cbb837f,0.0009317183548515906,7513,0.030533792194479017,REVIEW_FOR_REFRESH,REFRESH_POTENTIAL_CTR_GAIN
content_c15dabdcf2be1866,0.0021279425455512702,7519,0.030521588440604326,REVIEW_FOR_REFRESH,REFRESH_POTENTIAL_CTR_GAIN
content_f43118e089ecc69a,0.0005349023803155924,7478,0.030403618819815636,REVIEW_FOR_REFRESH,REFRESH_POTENTIAL_CTR_GAIN
content_787dc8aeae12cf0c,0.004398240703718513,7503,0.030387347147982715,REVIEW_FOR_REFRESH,REFRESH_POTENTIAL_CTR_GAIN
content_cca099da6c658785,0.004137194715067396,7493,0.030354803804316873,REVIEW_FOR_REFRESH,REFRESH_POTENTIAL_CTR_GAIN
content_b902320872acab45,0.0009379606056545625,7463,0.03033039629656749,REVIEW_FOR_REFRESH,REFRESH_POTENTIAL_CTR_GAIN
content_c15dabdcf2be1866,0.0012067578439259854,7458,0.030301920870859873,REVIEW_FOR_REFRESH,REFRESH_POTENTIAL_CTR_GAIN
content_d0acf7062bc6b257,0.00026896180742334586,7436,0.030240902101486417,REVIEW_FOR_REFRESH,REFRESH_POTENTIAL_CTR_GAIN
content_a9322b74ca7cb1bb,0.0,7434,0.030240902101486413,REVIEW_FOR_REFRESH,REFRESH_POTENTIAL_CTR_GAIN
content_e620957876424b65,0.0012109795479009688,7432,0.030196155003945877,REVIEW_FOR_REFRESH,REFRESH_POTENTIAL_CTR_GAIN
content_a02a2967856e76fc,0.00013493455673998112,7411,0.03014327207048888,REVIEW_FOR_REFRESH,REFRESH_POTENTIAL_CTR_GAIN
content_f107e54b10b43725,0.003095558546433378,7430,0.030131068316614187,REVIEW_FOR_REFRESH,REFRESH_POTENTIAL_CTR_GAIN
content_21309e9a83c83653,0.0016187778227438284,7413,0.030106660808864805,REVIEW_FOR_REFRESH,REFRESH_POTENTIAL_CTR_GAIN
content_e7cd191e4ba62608,0.0028305701577031944,7419,0.030094457054990115,REVIEW_FOR_REFRESH,REFRESH_POTENTIAL_CTR_GAIN
content_21309e9a83c83653,0.0006764984440535787,7391,0.03004564203949134,REVIEW_FOR_REFRESH,REFRESH_POTENTIAL_CTR_GAIN
content_f43118e089ecc69a,0.0006770480704129993,7385,0.03002123453174196,REVIEW_FOR_REFRESH,REFRESH_POTENTIAL_CTR_GAIN
content_54d5ce7b65ee6401,0.053098482900488554,7778,0.0299602157623685,Review for general optimization potential,
content_b40551e4d1418a3d,0.053098482900488554,7778,0.0299602157623685,Review for general optimization potential,
content_56d2e24db684b94e,0.053098482900488554,7778,0.0299602157623685,Review for general optimization potential,
content_acbcc847f8996314,0.001629106706489275,7366,0.029915468664827964,REVIEW_FOR_REFRESH,REFRESH_POTENTIAL_CTR_GAIN
content_e7eb61dc1ce9a2c4,0.00027199782401740786,7353,0.029903264910953273,REVIEW_FOR_REFRESH,REFRESH_POTENTIAL_CTR_GAIN
content_acbcc847f8996314,0.0012238237693772097,7354,0.02987885740320389,REVIEW_FOR_REFRESH,REFRESH_POTENTIAL_CTR_GAIN
content_c60628276389acbb,0.0,7286,0.02963885024366828,REVIEW_FOR_REFRESH,REFRESH_POTENTIAL_CTR_GAIN
content_33d31496fca9665e,0.0001375137513751375,7272,0.029577831474294825,REVIEW_FOR_REFRESH,REFRESH_POTENTIAL_CTR_GAIN
content_d0acf7062bc6b257,0.00041282509976606576,7267,0.02954935604858721,REVIEW_FOR_REFRESH,REFRESH_POTENTIAL_CTR_GAIN
content_21309e9a83c83653,0.0008267879288962381,7257,0.02949647311513021,REVIEW_FOR_REFRESH,REFRESH_POTENTIAL_CTR_GAIN
content_b902320872acab45,0.0013781697905181918,7256,0.02947613352533906,REVIEW_FOR_REFRESH,REFRESH_POTENTIAL_CTR_GAIN
content_f352b7cfd0b2f434,0.0012406947890818859,7254,0.02947206560738083,REVIEW_FOR_REFRESH,REFRESH_POTENTIAL_CTR_GAIN
content_cca099da6c658785,0.004537953795379538,7272,0.029447658099631444,REVIEW_FOR_REFRESH,REFRESH_POTENTIAL_CTR_GAIN
content_acbcc847f8996314,0.0006944444444444445,7200,0.029268669709469296,REVIEW_FOR_REFRESH,REFRESH_POTENTIAL_CTR_GAIN
content_9ef3d7516483e665,0.0036021058464948737,7218,0.029256465955594606,REVIEW_FOR_REFRESH,REFRESH_POTENTIAL_CTR_GAIN
content_471d9cabce329a66,0.002364394993045897,7190,0.029179175514388225,REVIEW_FOR_REFRESH,REFRESH_POTENTIAL_CTR_GAIN
content_1689733aeae6e10e,0.0020873921514055105,7186,0.02917103967847176,REVIEW_FOR_REFRESH,REFRESH_POTENTIAL_CTR_GAIN
content_cc26620b2cbb837f,0.0015326738191444892,7177,0.02915070008868061,REVIEW_FOR_REFRESH,REFRESH_POTENTIAL_CTR_GAIN
content_f107e54b10b43725,0.002089427496865859,7179,0.029142564252764146,REVIEW_FOR_REFRESH,REFRESH_POTENTIAL_CTR_GAIN
content_cca099da6c658785,0.004314544189283229,7185,0.02910188507318184,REVIEW_FOR_REFRESH,REFRESH_POTENTIAL_CTR_GAIN
content_9ef3d7516483e665,0.0026588301147495103,7146,0.028992051288309614,REVIEW_FOR_REFRESH,REFRESH_POTENTIAL_CTR_GAIN
content_0e03de7680314cd5,0.00808587759654259,7173,0.02894323627281085,Review for general optimization potential,
content_cca099da6c658785,0.0021079258010118043,7116,0.028886285421395617,REVIEW_FOR_REFRESH,REFRESH_POTENTIAL_CTR_GAIN
content_acbcc847f8996314,0.0008447135013374631,7103,0.0288700137495627,REVIEW_FOR_REFRESH,REFRESH_POTENTIAL_CTR_GAIN
content_cc26620b2cbb837f,0.001126443255421008,7102,0.028857809995688002,REVIEW_FOR_REFRESH,REFRESH_POTENTIAL_CTR_GAIN
content_33d31496fca9665e,0.00014150275930380644,7067,0.028743908292857546,REVIEW_FOR_REFRESH,REFRESH_POTENTIAL_CTR_GAIN
content_c60628276389acbb,0.0,7062,0.028727636621024625,REVIEW_FOR_REFRESH,REFRESH_POTENTIAL_CTR_GAIN
content_9ef3d7516483e665,0.003811405985319029,7084,0.02870729703123347,REVIEW_FOR_REFRESH,REFRESH_POTENTIAL_CTR_GAIN
content_62aa9910370a05d3,0.0007087172218284905,7055,0.028678821605525855,REVIEW_FOR_REFRESH,REFRESH_POTENTIAL_CTR_GAIN
content_9ef3d7516483e665,0.000851063829787234,7050,0.028654414097776474,REVIEW_FOR_REFRESH,REFRESH_POTENTIAL_CTR_GAIN
content_21309e9a83c83653,0.001559177888022679,7055,0.02865441409777647,REVIEW_FOR_REFRESH,REFRESH_POTENTIAL_CTR_GAIN
content_cc26620b2cbb837f,0.0042486899872539305,7061,0.028601531164319478,REVIEW_FOR_REFRESH,REFRESH_POTENTIAL_CTR_GAIN
content_f107e54b10b43725,0.001849217638691323,7030,0.028544580312904248,REVIEW_FOR_REFRESH,REFRESH_POTENTIAL_CTR_GAIN
content_7471467133493ce6,0.0001434102968593145,6973,0.02836152400478387,REVIEW_FOR_REFRESH,REFRESH_POTENTIAL_CTR_GAIN
content_787dc8aeae12cf0c,0.004005149477900157,6991,0.02832491274315979,REVIEW_FOR_REFRESH,REFRESH_POTENTIAL_CTR_GAIN
content_9ef3d7516483e665,0.0035801231562365746,6983,0.02830457315336864,REVIEW_FOR_REFRESH,REFRESH_POTENTIAL_CTR_GAIN
content_9540d884af3e41fd,0.00043097256141359,6961,0.02830457315336864,REVIEW_FOR_REFRESH,REFRESH_POTENTIAL_CTR_GAIN
content_f43118e089ecc69a,0.00043122035360068997,6957,0.02828830148153572,REVIEW_FOR_REFRESH,REFRESH_POTENTIAL_CTR_GAIN
content_62770e1299963fe4,0.0012951503813498344,6949,0.02823135063012049,REVIEW_FOR_REFRESH,REFRESH_POTENTIAL_CTR_GAIN
content_9540d884af3e41fd,0.001007919366450684,6945,0.02822321479420403,REVIEW_FOR_REFRESH,REFRESH_POTENTIAL_CTR_GAIN
content_036a7b994ba532fa,0.00014438348252959862,6926,0.028170331860747026,REVIEW_FOR_REFRESH,REFRESH_POTENTIAL_CTR_GAIN
content_acbcc847f8996314,0.0008658008658008658,6930,0.0281662639427888,REVIEW_FOR_REFRESH,REFRESH_POTENTIAL_CTR_GAIN
content_471d9cabce329a66,0.0014457134595923088,6917,0.028097109337498878,REVIEW_FOR_REFRESH,REFRESH_POTENTIAL_CTR_GAIN
content_61215c724c8220ae,0.010053138015223324,6963,0.02804015848608365,Review for general optimization potential,
content_44f34c0a90047651,0.0005802988539097636,6893,0.02802388681425073,REVIEW_FOR_REFRESH,REFRESH_POTENTIAL_CTR_GAIN
content_f43118e089ecc69a,0.0013062409288824384,6890,0.027991343470584882,REVIEW_FOR_REFRESH,REFRESH_POTENTIAL_CTR_GAIN
content_adcc7b85a04c187d,0.5814929731702866,16437,0.027983207634668418,Review for general optimization potential,
content_7471467133493ce6,0.0,6864,0.02792218886529496,REVIEW_FOR_REFRESH,REFRESH_POTENTIAL_CTR_GAIN
content_963de14b1f58978f,0.0026235242675994755,6861,0.02783676258817212,REVIEW_FOR_REFRESH,REFRESH_POTENTIAL_CTR_GAIN
content_69603b6131910c9b,0.0011682242990654205,6848,0.027824558834297426,REVIEW_FOR_REFRESH,REFRESH_POTENTIAL_CTR_GAIN
content_e8a52cf3d5988c07,0.006402793946449359,6872,0.02777574381879866,Review for general optimization potential,
content_54d5ce7b65ee6401,0.053551609322974474,7208,0.027751336311049278,Review for general optimization potential,
content_56d2e24db684b94e,0.053551609322974474,7208,0.027751336311049278,Review for general optimization potential,
content_b40551e4d1418a3d,0.053551609322974474,7208,0.027751336311049278,Review for general optimization potential,
content_bd7343683cf6ea61,0.0,6812,0.02771065713146697,REVIEW_FOR_REFRESH,REFRESH_POTENTIAL_CTR_GAIN
content_ac1ddc0c0e79289f,0.01693443334780721,6909,0.027629298772302358,Review for general optimization potential,
content_471d9cabce329a66,0.002058823529411765,6800,0.027604891264552973,REVIEW_FOR_REFRESH,REFRESH_POTENTIAL_CTR_GAIN
content_044eae5cec1e4ac1,0.0027937068078223793,6801,0.02758861959272005,REVIEW_FOR_REFRESH,REFRESH_POTENTIAL_CTR_GAIN
content_33d31496fca9665e,0.00014784151389710232,6764,0.02751132915151367,REVIEW_FOR_REFRESH,REFRESH_POTENTIAL_CTR_GAIN
content_6c64fe9b8a2d145d,0.016457908534809204,6866,0.02747064997193136,Review for general optimization potential,
content_d0acf7062bc6b257,0.0,6748,0.02745031038214021,REVIEW_FOR_REFRESH,REFRESH_POTENTIAL_CTR_GAIN
content_33d31496fca9665e,0.0,6724,0.027352680351142675,REVIEW_FOR_REFRESH,REFRESH_POTENTIAL_CTR_GAIN
content_d0acf7062bc6b257,0.0,6707,0.027283525745852754,REVIEW_FOR_REFRESH,REFRESH_POTENTIAL_CTR_GAIN
content_f107e54b10b43725,0.0017859800565560352,6719,0.027283525745852754,REVIEW_FOR_REFRESH,REFRESH_POTENTIAL_CTR_GAIN
content_dce7b0a4705c9f32,0.00029846291598268916,6701,0.027250982402186912,REVIEW_FOR_REFRESH,REFRESH_POTENTIAL_CTR_GAIN
content_11bf4c33adea7bdc,0.0,6692,0.027222506976479297,REVIEW_FOR_REFRESH,REFRESH_POTENTIAL_CTR_GAIN
content_d0acf7062bc6b257,0.00014945449110745777,6691,0.027214371140562833,REVIEW_FOR_REFRESH,REFRESH_POTENTIAL_CTR_GAIN
content_5054633d47f21220,0.0002990877822640945,6687,0.027194031550771682,REVIEW_FOR_REFRESH,REFRESH_POTENTIAL_CTR_GAIN
content_62770e1299963fe4,0.0017929179740026895,6693,0.027177759878938758,REVIEW_FOR_REFRESH,REFRESH_POTENTIAL_CTR_GAIN
content_f86f77b3ebdc05ee,0.005359535506922733,6717,0.027177759878938758,REVIEW_FOR_REFRESH,REFRESH_POTENTIAL_CTR_GAIN
content_0974207969487ace,0.000149678191887442,6681,0.027173691960980524,REVIEW_FOR_REFRESH,REFRESH_POTENTIAL_CTR_GAIN
content_fe3fd3422852d721,0.0023919868440723576,6689,0.027145216535272913,REVIEW_FOR_REFRESH,REFRESH_POTENTIAL_CTR_GAIN
content_9540d884af3e41fd,0.0,6670,0.027133012781398222,REVIEW_FOR_REFRESH,REFRESH_POTENTIAL_CTR_GAIN
content_f107e54b10b43725,0.0017977528089887641,6675,0.02710453735569061,REVIEW_FOR_REFRESH,REFRESH_POTENTIAL_CTR_GAIN
content_62770e1299963fe4,0.0007507507507507507,6660,0.027071994012024765,REVIEW_FOR_REFRESH,REFRESH_POTENTIAL_CTR_GAIN
content_891ace5e13e74d99,0.0,6655,0.02707199401202476,REVIEW_FOR_REFRESH,REFRESH_POTENTIAL_CTR_GAIN
content_9ef3d7516483e665,0.0020995800839832034,6668,0.02706792609406653,REVIEW_FOR_REFRESH,REFRESH_POTENTIAL_CTR_GAIN
content_21309e9a83c83653,0.00045072115384615387,6656,0.0270638581761083,REVIEW_FOR_REFRESH,REFRESH_POTENTIAL_CTR_GAIN
content_f43118e089ecc69a,0.0006017752369489995,6647,0.027023178996525992,REVIEW_FOR_REFRESH,REFRESH_POTENTIAL_CTR_GAIN
content_f352b7cfd0b2f434,0.002408912978018669,6642,0.026954024391236075,REVIEW_FOR_REFRESH,REFRESH_POTENTIAL_CTR_GAIN
content_9540d884af3e41fd,0.00030193236714975844,6624,0.026937752719403154,REVIEW_FOR_REFRESH,REFRESH_POTENTIAL_CTR_GAIN
content_acbcc847f8996314,0.0016593754714134862,6629,0.02692148104757023,REVIEW_FOR_REFRESH,REFRESH_POTENTIAL_CTR_GAIN
content_32c5cc913fb4ff41,0.001660377358490566,6625,0.02690520937573731,REVIEW_FOR_REFRESH,REFRESH_POTENTIAL_CTR_GAIN
content_cc26620b2cbb837f,0.0018115942028985507,6624,0.026897073539820848,REVIEW_FOR_REFRESH,REFRESH_POTENTIAL_CTR_GAIN
content_ac1ddc0c0e79289f,0.01739259699717556,6727,0.026888937703904388,Review for general optimization potential,
content_963de14b1f58978f,0.001965230536659108,6615,0.026856394360238543,REVIEW_FOR_REFRESH,REFRESH_POTENTIAL_CTR_GAIN
content_68ffc95c19f61219,0.00030344409042633893,6591,0.02680351142678154,REVIEW_FOR_REFRESH,REFRESH_POTENTIAL_CTR_GAIN
content_f107e54b10b43725,0.0010625379477838493,6588,0.026770968083115698,REVIEW_FOR_REFRESH,REFRESH_POTENTIAL_CTR_GAIN
content_fe3fd3422852d721,0.004691283292978209,6608,0.026754696411282777,REVIEW_FOR_REFRESH,REFRESH_POTENTIAL_CTR_GAIN
content_b902320872acab45,0.0025847650904667783,6577,0.026685541805992852,REVIEW_FOR_REFRESH,REFRESH_POTENTIAL_CTR_GAIN
content_69603b6131910c9b,0.0004574565416285453,6558,0.0266652022162017,REVIEW_FOR_REFRESH,REFRESH_POTENTIAL_CTR_GAIN
content_e7cd191e4ba62608,0.0013723696248856359,6558,0.026640794708452317,REVIEW_FOR_REFRESH,REFRESH_POTENTIAL_CTR_GAIN
content_c15dabdcf2be1866,0.0009167303284950344,6545,0.02660011552887001,REVIEW_FOR_REFRESH,REFRESH_POTENTIAL_CTR_GAIN
content_c60628276389acbb,0.0,6539,0.02660011552887001,REVIEW_FOR_REFRESH,REFRESH_POTENTIAL_CTR_GAIN
content_f352b7cfd0b2f434,0.0015274171376202842,6547,0.02659197969295355,REVIEW_FOR_REFRESH,REFRESH_POTENTIAL_CTR_GAIN
content_da223b6fa1879f41,0.000612088752869166,6535,0.02656757218520417,REVIEW_FOR_REFRESH,REFRESH_POTENTIAL_CTR_GAIN
content_0974207969487ace,0.00015320974413972729,6527,0.026547232595413014,REVIEW_FOR_REFRESH,REFRESH_POTENTIAL_CTR_GAIN
content_2a59ec1a038313d2,0.004425453990538684,6553,0.02653909675949655,REVIEW_FOR_REFRESH,REFRESH_POTENTIAL_CTR_GAIN
content_f107e54b10b43725,0.0036680421824850985,6543,0.026518757169705403,REVIEW_FOR_REFRESH,REFRESH_POTENTIAL_CTR_GAIN
content_036a7b994ba532fa,0.0004616805170821791,6498,0.026421127138707864,REVIEW_FOR_REFRESH,REFRESH_POTENTIAL_CTR_GAIN
content_b902320872acab45,0.002309824453341546,6494,0.026356040451376177,REVIEW_FOR_REFRESH,REFRESH_POTENTIAL_CTR_GAIN
content_f352b7cfd0b2f434,0.001541782300339192,6486,0.026343836697501483,REVIEW_FOR_REFRESH,REFRESH_POTENTIAL_CTR_GAIN
content_f33ad8a343180e8b,0.00015467904098994585,6465,0.026295021682002716,REVIEW_FOR_REFRESH,REFRESH_POTENTIAL_CTR_GAIN
content_787dc8aeae12cf0c,0.0027799227799227798,6475,0.0262665462562951,REVIEW_FOR_REFRESH,REFRESH_POTENTIAL_CTR_GAIN
content_471d9cabce329a66,0.000774233508826262,6458,0.02625027458446218,REVIEW_FOR_REFRESH,REFRESH_POTENTIAL_CTR_GAIN
content_d0acf7062bc6b257,0.00015518311607697082,6444,0.02620959540487987,REVIEW_FOR_REFRESH,REFRESH_POTENTIAL_CTR_GAIN
content_cca099da6c658785,0.004798018882525925,6461,0.02615671247142287,REVIEW_FOR_REFRESH,REFRESH_POTENTIAL_CTR_GAIN
content_7471467133493ce6,0.00031099362463069506,6431,0.026152644553464645,REVIEW_FOR_REFRESH,REFRESH_POTENTIAL_CTR_GAIN
content_e620957876424b65,0.002173575531749728,6441,0.026144508717548184,REVIEW_FOR_REFRESH,REFRESH_POTENTIAL_CTR_GAIN
content_9ef3d7516483e665,0.0032578343158547935,6446,0.026136372881631724,REVIEW_FOR_REFRESH,REFRESH_POTENTIAL_CTR_GAIN
content_787dc8aeae12cf0c,0.002955358531653445,6429,0.026075354112258264,REVIEW_FOR_REFRESH,REFRESH_POTENTIAL_CTR_GAIN
content_acbcc847f8996314,0.0004678727386150967,6412,0.02607128619430003,REVIEW_FOR_REFRESH,REFRESH_POTENTIAL_CTR_GAIN
content_cca099da6c658785,0.0028033016664071016,6421,0.02604687868655065,REVIEW_FOR_REFRESH,REFRESH_POTENTIAL_CTR_GAIN
content_1ae82044c2ef10cc,0.0006246096189881324,6404,0.026034674932675958,REVIEW_FOR_REFRESH,REFRESH_POTENTIAL_CTR_GAIN
content_3aaa0ab12cdb43a4,0.0003124511795032026,6401,0.026030607014717724,REVIEW_FOR_REFRESH,REFRESH_POTENTIAL_CTR_GAIN
content_0b8b3fe814b81a18,0.00031318509238960227,6386,0.025969588245344264,REVIEW_FOR_REFRESH,REFRESH_POTENTIAL_CTR_GAIN
content_e7eb61dc1ce9a2c4,0.0006263701847792045,6386,0.025961452409427807,REVIEW_FOR_REFRESH,REFRESH_POTENTIAL_CTR_GAIN
content_f43118e089ecc69a,0.00015713387806411063,6364,0.025884161968221422,REVIEW_FOR_REFRESH,REFRESH_POTENTIAL_CTR_GAIN
content_ef7013c86d07aa99,0.004227336777829967,6387,0.025871958214346732,REVIEW_FOR_REFRESH,REFRESH_POTENTIAL_CTR_GAIN
content_0974207969487ace,0.0004714757190004715,6363,0.02587195821434673,REVIEW_FOR_REFRESH,REFRESH_POTENTIAL_CTR_GAIN
content_471d9cabce329a66,0.002041457286432161,6368,0.02585161862455558,REVIEW_FOR_REFRESH,REFRESH_POTENTIAL_CTR_GAIN
content_aeea385fa5ce044f,0.006888993267574761,6387,0.02580280360905681,Review for general optimization potential,
content_c15dabdcf2be1866,0.000946073793755913,6342,0.0257743281833492,REVIEW_FOR_REFRESH,REFRESH_POTENTIAL_CTR_GAIN
content_7471467133493ce6,0.00015780337699226762,6337,0.025774328183349196,REVIEW_FOR_REFRESH,REFRESH_POTENTIAL_CTR_GAIN
content_acbcc847f8996314,0.0006354249404289118,6295,0.02559127187522882,REVIEW_FOR_REFRESH,REFRESH_POTENTIAL_CTR_GAIN
content_9540d884af3e41fd,0.0001590077913817777,6289,0.025579068121354128,REVIEW_FOR_REFRESH,REFRESH_POTENTIAL_CTR_GAIN
content_787dc8aeae12cf0c,0.004286394665819971,6299,0.025513981434022438,REVIEW_FOR_REFRESH,REFRESH_POTENTIAL_CTR_GAIN
content_f107e54b10b43725,0.0022271714922048997,6286,0.025513981434022438,REVIEW_FOR_REFRESH,REFRESH_POTENTIAL_CTR_GAIN
content_f107e54b10b43725,0.0023873945567404104,6283,0.025497709762189513,REVIEW_FOR_REFRESH,REFRESH_POTENTIAL_CTR_GAIN
content_33d31496fca9665e,0.0,6264,0.025481438090356592,REVIEW_FOR_REFRESH,REFRESH_POTENTIAL_CTR_GAIN
content_adcc7b85a04c187d,0.4145563684111799,10662,0.025391943895275517,Review for general optimization potential,
content_54f2b96801c90591,0.4145563684111799,10662,0.025391943895275517,Review for general optimization potential,
content_943dc881428182b8,0.00128,6250,0.025391943895275517,REVIEW_FOR_REFRESH,REFRESH_POTENTIAL_CTR_GAIN
content_9ef3d7516483e665,0.002397315007191945,6257,0.025391943895275517,REVIEW_FOR_REFRESH,REFRESH_POTENTIAL_CTR_GAIN
content_11bf4c33adea7bdc,0.0,6236,0.025367536387526136,REVIEW_FOR_REFRESH,REFRESH_POTENTIAL_CTR_GAIN
content_b902320872acab45,0.002402306213965407,6244,0.025339060961818517,REVIEW_FOR_REFRESH,REFRESH_POTENTIAL_CTR_GAIN
content_036a7b994ba532fa,0.00016051364365971107,6230,0.025339060961818517,REVIEW_FOR_REFRESH,REFRESH_POTENTIAL_CTR_GAIN
content_c1f764a2f362d1c3,0.00032107882485150104,6229,0.025330925125902057,REVIEW_FOR_REFRESH,REFRESH_POTENTIAL_CTR_GAIN
content_61215c724c8220ae,0.011455847255369928,6285,0.025273974274486827,Review for general optimization potential,
content_21309e9a83c83653,0.0017687731146486573,6219,0.02525363468469568,REVIEW_FOR_REFRESH,REFRESH_POTENTIAL_CTR_GAIN
content_acbcc847f8996314,0.0012876227265411235,6213,0.025241430930820985,REVIEW_FOR_REFRESH,REFRESH_POTENTIAL_CTR_GAIN
content_68ffc95c19f61219,0.00016136840406648378,6197,0.02520481966919691,REVIEW_FOR_REFRESH,REFRESH_POTENTIAL_CTR_GAIN
content_61215c724c8220ae,0.006902086677367576,6230,0.025168208407572834,Review for general optimization potential,
content_f107e54b10b43725,0.0016178611875101116,6181,0.025103121720241144,REVIEW_FOR_REFRESH,REFRESH_POTENTIAL_CTR_GAIN
content_f352b7cfd0b2f434,0.0006482982171799027,6170,0.02508278213044999,REVIEW_FOR_REFRESH,REFRESH_POTENTIAL_CTR_GAIN
content_beffdcbbc8a90c66,0.052129786252498846,6503,0.02507464629453353,Review for general optimization potential,
content_747ee32a555e84af,0.052129786252498846,6503,0.02507464629453353,Review for general optimization potential,
content_bbff2da5b5610190,0.052129786252498846,6503,0.02507464629453353,Review for general optimization potential,
content_9f39cae3e08ff9b1,0.052129786252498846,6503,0.02507464629453353,Review for general optimization potential,
content_cb5b56fc75aa3f4a,0.052129786252498846,6503,0.02507464629453353,Review for general optimization potential,
content_b82e3d10d61b6803,0.052129786252498846,6503,0.02507464629453353,Review for general optimization potential,
content_dd27d50fad609dad,0.052129786252498846,6503,0.02507464629453353,Review for general optimization potential,
content_ce6588c51b94d63b,0.052129786252498846,6503,0.02507464629453353,Review for general optimization potential,
content_375257df1d34113b,0.052129786252498846,6503,0.02507464629453353,Review for general optimization potential,
content_eeb80fe61ab6c8da,0.052129786252498846,6503,0.02507464629453353,Review for general optimization potential,
content_9f38263f3599593a,0.0011347057869995137,6169,0.025066510458617068,REVIEW_FOR_REFRESH,REFRESH_POTENTIAL_CTR_GAIN
content_787dc8aeae12cf0c,0.00550696469063816,6174,0.024977016263535993,REVIEW_FOR_REFRESH,REFRESH_POTENTIAL_CTR_GAIN
content_2db2a9dcb3b62a3a,0.00984188447886415,6198,0.024964812509661302,Review for general optimization potential,
content_62770e1299963fe4,0.001465082207390526,6143,0.02495260875578661,REVIEW_FOR_REFRESH,REFRESH_POTENTIAL_CTR_GAIN
content_11bf4c33adea7bdc,0.0,6124,0.024911929576204306,REVIEW_FOR_REFRESH,REFRESH_POTENTIAL_CTR_GAIN
content_f107e54b10b43725,0.0022816166883963492,6136,0.024903793740287845,REVIEW_FOR_REFRESH,REFRESH_POTENTIAL_CTR_GAIN
content_26be6eb87f2bc45f,0.000326797385620915,6120,0.02488752206845492,REVIEW_FOR_REFRESH,REFRESH_POTENTIAL_CTR_GAIN
content_cca099da6c658785,0.004720820446036138,6143,0.024871250396621997,REVIEW_FOR_REFRESH,REFRESH_POTENTIAL_CTR_GAIN
content_24eff544c5dbf498,0.0014701078079059132,6122,0.024867182478663766,REVIEW_FOR_REFRESH,REFRESH_POTENTIAL_CTR_GAIN
content_d0acf7062bc6b257,0.0006540222367560497,6116,0.02486311456070554,REVIEW_FOR_REFRESH,REFRESH_POTENTIAL_CTR_GAIN
content_69603b6131910c9b,0.0004906771344455348,6114,0.02485904664274731,REVIEW_FOR_REFRESH,REFRESH_POTENTIAL_CTR_GAIN
content_599eba17030c875c,0.0006557377049180328,6100,0.02479802787337385,REVIEW_FOR_REFRESH,REFRESH_POTENTIAL_CTR_GAIN
content_9f38263f3599593a,0.001966890673660056,6101,0.024769552447666234,REVIEW_FOR_REFRESH,REFRESH_POTENTIAL_CTR_GAIN
content_aeea385fa5ce044f,0.005886200130804447,6116,0.02473294118604216,REVIEW_FOR_REFRESH,REFRESH_POTENTIAL_CTR_GAIN
content_471d9cabce329a66,0.0011501807426881367,6086,0.024728873268083925,REVIEW_FOR_REFRESH,REFRESH_POTENTIAL_CTR_GAIN
content_da223b6fa1879f41,0.000493339911198816,6081,0.0247248053501257,REVIEW_FOR_REFRESH,REFRESH_POTENTIAL_CTR_GAIN
content_c15dabdcf2be1866,0.0011507479861910242,6083,0.024716669514209238,REVIEW_FOR_REFRESH,REFRESH_POTENTIAL_CTR_GAIN
content_fe3fd3422852d721,0.0034482758620689655,6090,0.024688194088501623,REVIEW_FOR_REFRESH,REFRESH_POTENTIAL_CTR_GAIN
content_f43118e089ecc69a,0.00016477179106936892,6069,0.02468412617054339,REVIEW_FOR_REFRESH,REFRESH_POTENTIAL_CTR_GAIN
content_f107e54b10b43725,0.0029576076240552087,6086,0.02468412617054339,REVIEW_FOR_REFRESH,REFRESH_POTENTIAL_CTR_GAIN
content_b902320872acab45,0.0024691358024691358,6075,0.024651582826877547,REVIEW_FOR_REFRESH,REFRESH_POTENTIAL_CTR_GAIN
content_65c75874a23fca87,0.0006602839220864972,6058,0.024627175319128163,REVIEW_FOR_REFRESH,REFRESH_POTENTIAL_CTR_GAIN
content_f107e54b10b43725,0.001984455101703324,6047,0.02454988487792178,REVIEW_FOR_REFRESH,REFRESH_POTENTIAL_CTR_GAIN
content_f43118e089ecc69a,0.00016578249336870026,6032,0.024533613206088857,REVIEW_FOR_REFRESH,REFRESH_POTENTIAL_CTR_GAIN
content_f107e54b10b43725,0.0009943652635067948,6034,0.024521409452214163,REVIEW_FOR_REFRESH,REFRESH_POTENTIAL_CTR_GAIN
content_0012340949fafefc,0.0014917951268025858,6033,0.024505137780381242,REVIEW_FOR_REFRESH,REFRESH_POTENTIAL_CTR_GAIN
content_32c5cc913fb4ff41,0.002485913158766987,6034,0.024484798190590087,REVIEW_FOR_REFRESH,REFRESH_POTENTIAL_CTR_GAIN
content_0e03de7680314cd5,0.001161825726141079,6025,0.024480730272631857,REVIEW_FOR_REFRESH,REFRESH_POTENTIAL_CTR_GAIN
content_fe3fd3422852d721,0.002327127659574468,6016,0.02441564358530017,REVIEW_FOR_REFRESH,REFRESH_POTENTIAL_CTR_GAIN
content_e8a52cf3d5988c07,0.005469915464942815,6033,0.024407507749383706,REVIEW_FOR_REFRESH,REFRESH_POTENTIAL_CTR_GAIN
content_f2388a4b87a3b1dc,0.0003332777870354941,6001,0.02440343983142548,REVIEW_FOR_REFRESH,REFRESH_POTENTIAL_CTR_GAIN
content_036a7b994ba532fa,0.00066711140760507,5996,0.02437496440571786,REVIEW_FOR_REFRESH,REFRESH_POTENTIAL_CTR_GAIN
content_21309e9a83c83653,0.0029980013324450365,6004,0.02435055689796848,REVIEW_FOR_REFRESH,REFRESH_POTENTIAL_CTR_GAIN
content_0974207969487ace,0.00016716817118020728,5982,0.024330217308177325,REVIEW_FOR_REFRESH,REFRESH_POTENTIAL_CTR_GAIN
content_f107e54b10b43725,0.0015032570569567397,5987,0.024318013554302634,REVIEW_FOR_REFRESH,REFRESH_POTENTIAL_CTR_GAIN
content_f2388a4b87a3b1dc,0.0005024284039524368,5971,0.02427733437472033,REVIEW_FOR_REFRESH,REFRESH_POTENTIAL_CTR_GAIN
content_ae941d65b87a8306,0.0016761649346295675,5966,0.024228519359221563,REVIEW_FOR_REFRESH,REFRESH_POTENTIAL_CTR_GAIN
content_26be6eb87f2bc45f,0.0,5956,0.024228519359221563,REVIEW_FOR_REFRESH,REFRESH_POTENTIAL_CTR_GAIN
content_f107e54b10b43725,0.0015110812625923438,5956,0.024191908097597487,REVIEW_FOR_REFRESH,REFRESH_POTENTIAL_CTR_GAIN
content_787dc8aeae12cf0c,0.004186202277294039,5972,0.024191908097597484,REVIEW_FOR_REFRESH,REFRESH_POTENTIAL_CTR_GAIN
content_f86f77b3ebdc05ee,0.005520240883238541,5978,0.024183772261681023,REVIEW_FOR_REFRESH,REFRESH_POTENTIAL_CTR_GAIN
content_24eff544c5dbf498,0.0028528276556469205,5959,0.024171568507806333,REVIEW_FOR_REFRESH,REFRESH_POTENTIAL_CTR_GAIN
content_f352b7cfd0b2f434,0.0016809547823163557,5949,0.024159364753931642,REVIEW_FOR_REFRESH,REFRESH_POTENTIAL_CTR_GAIN
content_61215c724c8220ae,0.006541429050654143,5962,0.02409427806659995,Review for general optimization potential,
content_0012340949fafefc,0.0006748776784207862,5927,0.02409427806659995,REVIEW_FOR_REFRESH,REFRESH_POTENTIAL_CTR_GAIN
content_21309e9a83c83653,0.0023592854735422987,5934,0.02408207431272526,REVIEW_FOR_REFRESH,REFRESH_POTENTIAL_CTR_GAIN
content_61215c724c8220ae,0.01119278316070832,5986,0.024078006394767027,Review for general optimization potential,
content_0012340949fafefc,0.0010133423408208073,5921,0.024061734722934106,REVIEW_FOR_REFRESH,REFRESH_POTENTIAL_CTR_GAIN
content_9540d884af3e41fd,0.000507013689369613,5917,0.024057666804975876,REVIEW_FOR_REFRESH,REFRESH_POTENTIAL_CTR_GAIN
content_340f8e5c35bc60a0,0.0020273694880892043,5919,0.024029191379268258,REVIEW_FOR_REFRESH,REFRESH_POTENTIAL_CTR_GAIN
content_aeea385fa5ce044f,0.00589324802155245,5939,0.02401698762539357,REVIEW_FOR_REFRESH,REFRESH_POTENTIAL_CTR_GAIN
content_62770e1299963fe4,0.00016937669376693767,5904,0.02401291970743534,REVIEW_FOR_REFRESH,REFRESH_POTENTIAL_CTR_GAIN
content_f352b7cfd0b2f434,0.001015400236926722,5909,0.024012919707435337,REVIEW_FOR_REFRESH,REFRESH_POTENTIAL_CTR_GAIN
content_33d31496fca9665e,0.0001694628029147602,5901,0.024000715953560646,REVIEW_FOR_REFRESH,REFRESH_POTENTIAL_CTR_GAIN
content_c15dabdcf2be1866,0.0021996615905245345,5910,0.023988512199685952,REVIEW_FOR_REFRESH,REFRESH_POTENTIAL_CTR_GAIN
content_787dc8aeae12cf0c,0.003212172442941674,5915,0.023984444281727725,REVIEW_FOR_REFRESH,REFRESH_POTENTIAL_CTR_GAIN
content_ef7013c86d07aa99,0.003889734483341789,5913,0.023960036773978344,REVIEW_FOR_REFRESH,REFRESH_POTENTIAL_CTR_GAIN
content_33d31496fca9665e,0.0,5888,0.02395190093806188,REVIEW_FOR_REFRESH,REFRESH_POTENTIAL_CTR_GAIN
content_891ace5e13e74d99,0.0,5885,0.023939697184187186,REVIEW_FOR_REFRESH,REFRESH_POTENTIAL_CTR_GAIN
content_545bb6cc7081ded3,0.008091706001348618,5932,0.02393562926622896,Review for general optimization potential,
content_f43118e089ecc69a,0.0010237160894045385,5861,0.02381765964544027,REVIEW_FOR_REFRESH,REFRESH_POTENTIAL_CTR_GAIN
content_f33ad8a343180e8b,0.00017096939647803043,5849,0.023789184219732654,REVIEW_FOR_REFRESH,REFRESH_POTENTIAL_CTR_GAIN
content_9ef3d7516483e665,0.004596527068437181,5874,0.023785116301774423,REVIEW_FOR_REFRESH,REFRESH_POTENTIAL_CTR_GAIN
content_54f2b96801c90591,0.5353109591219978,12574,0.0237688446299415,Review for general optimization potential,
content_adcc7b85a04c187d,0.5353109591219978,12574,0.0237688446299415,Review for general optimization potential,
content_471d9cabce329a66,0.0037510656436487637,5865,0.0237688446299415,REVIEW_FOR_REFRESH,REFRESH_POTENTIAL_CTR_GAIN
content_ef7013c86d07aa99,0.0030727210652099694,5858,0.02375664087606681,REVIEW_FOR_REFRESH,REFRESH_POTENTIAL_CTR_GAIN
content_f352b7cfd0b2f434,0.0005134348793428033,5843,0.02375664087606681,REVIEW_FOR_REFRESH,REFRESH_POTENTIAL_CTR_GAIN
content_ae941d65b87a8306,0.001029336078229542,5829,0.023687486270776888,REVIEW_FOR_REFRESH,REFRESH_POTENTIAL_CTR_GAIN
content_26be6eb87f2bc45f,0.00017179178835251675,5821,0.023675282516902197,REVIEW_FOR_REFRESH,REFRESH_POTENTIAL_CTR_GAIN
content_f352b7cfd0b2f434,0.0008592541673827118,5819,0.023650875009152812,REVIEW_FOR_REFRESH,REFRESH_POTENTIAL_CTR_GAIN
content_f43118e089ecc69a,0.0005161734342739161,5812,0.02363053541936166,REVIEW_FOR_REFRESH,REFRESH_POTENTIAL_CTR_GAIN
content_8d7d99f109e19aa2,0.005478513953090224,5841,0.02363053541936166,REVIEW_FOR_REFRESH,REFRESH_POTENTIAL_CTR_GAIN
content_375257df1d34113b,0.05167620605069501,6115,0.023589856239779355,Review for general optimization potential,
content_bbff2da5b5610190,0.05167620605069501,6115,0.023589856239779355,Review for general optimization potential,
content_ce6588c51b94d63b,0.05167620605069501,6115,0.023589856239779355,Review for general optimization potential,
content_eeb80fe61ab6c8da,0.05167620605069501,6115,0.023589856239779355,Review for general optimization potential,
content_b82e3d10d61b6803,0.05167620605069501,6115,0.023589856239779355,Review for general optimization potential,
content_9f39cae3e08ff9b1,0.05167620605069501,6115,0.023589856239779355,Review for general optimization potential,
content_cb5b56fc75aa3f4a,0.05167620605069501,6115,0.023589856239779355,Review for general optimization potential,
content_beffdcbbc8a90c66,0.05167620605069501,6115,0.023589856239779355,Review for general optimization potential,
content_dd27d50fad609dad,0.05167620605069501,6115,0.023589856239779355,Review for general optimization potential,
content_747ee32a555e84af,0.05167620605069501,6115,0.023589856239779355,Review for general optimization potential,
content_adcc7b85a04c187d,0.5659628631326744,13356,0.023581720403862895,Review for general optimization potential,
content_54f2b96801c90591,0.5659628631326744,13356,0.023581720403862895,Review for general optimization potential,
content_77276ad7a26f4905,0.0034381983840467596,5817,0.02358172040386289,REVIEW_FOR_REFRESH,REFRESH_POTENTIAL_CTR_GAIN
content_2a59ec1a038313d2,0.003958691910499139,5810,0.023541041224280586,REVIEW_FOR_REFRESH,REFRESH_POTENTIAL_CTR_GAIN
content_f352b7cfd0b2f434,0.001554672655035412,5789,0.02351256579857297,REVIEW_FOR_REFRESH,REFRESH_POTENTIAL_CTR_GAIN
content_70070d31e8d29a2d,0.002247579529737206,5784,0.0234759545369489,REVIEW_FOR_REFRESH,REFRESH_POTENTIAL_CTR_GAIN
content_21309e9a83c83653,0.001904432132963989,5776,0.023451547029199514,REVIEW_FOR_REFRESH,REFRESH_POTENTIAL_CTR_GAIN
content_14824df843e76fa8,0.009975920192638458,5814,0.023414935767575435,Review for general optimization potential,
content_acbcc847f8996314,0.0013884068031933356,5762,0.023406799931658975,REVIEW_FOR_REFRESH,REFRESH_POTENTIAL_CTR_GAIN
content_26be6eb87f2bc45f,0.0,5751,0.023394596177784284,REVIEW_FOR_REFRESH,REFRESH_POTENTIAL_CTR_GAIN
content_3aaa0ab12cdb43a4,0.0003477656059815684,5751,0.023386460341867824,REVIEW_FOR_REFRESH,REFRESH_POTENTIAL_CTR_GAIN
content_ae941d65b87a8306,0.003471619510501649,5761,0.02335391699820198,REVIEW_FOR_REFRESH,REFRESH_POTENTIAL_CTR_GAIN
content_7172a7fad43f0998,0.004355400696864111,5740,0.023248151131287982,REVIEW_FOR_REFRESH,REFRESH_POTENTIAL_CTR_GAIN
content_787dc8aeae12cf0c,0.002970470033199371,5723,0.023211539869663907,REVIEW_FOR_REFRESH,REFRESH_POTENTIAL_CTR_GAIN
content_a19991469fcc7319,0.005236515971373713,5729,0.02318306444395629,REVIEW_FOR_REFRESH,REFRESH_POTENTIAL_CTR_GAIN
content_b902320872acab45,0.0015772870662460567,5706,0.02317492860803983,REVIEW_FOR_REFRESH,REFRESH_POTENTIAL_CTR_GAIN
content_0974207969487ace,0.0005265005265005265,5698,0.02316679277212337,REVIEW_FOR_REFRESH,REFRESH_POTENTIAL_CTR_GAIN
content_33d31496fca9665e,0.0,5692,0.023154589018248677,REVIEW_FOR_REFRESH,REFRESH_POTENTIAL_CTR_GAIN
content_0e03de7680314cd5,0.006632920230406703,5729,0.023150521100290446,Review for general optimization potential,
content_ef7013c86d07aa99,0.006478725267028541,5711,0.02308136649500053,Review for general optimization potential,
content_787dc8aeae12cf0c,0.004563004563004563,5698,0.023073230659084065,REVIEW_FOR_REFRESH,REFRESH_POTENTIAL_CTR_GAIN
content_cca099da6c658785,0.002288329519450801,5681,0.023056958987251144,REVIEW_FOR_REFRESH,REFRESH_POTENTIAL_CTR_GAIN
content_2a59ec1a038313d2,0.0059638659884230835,5701,0.02305289106929291,REVIEW_FOR_REFRESH,REFRESH_POTENTIAL_CTR_GAIN
content_987d251ee617d9c6,0.0017624250969333803,5674,0.02304068731541822,REVIEW_FOR_REFRESH,REFRESH_POTENTIAL_CTR_GAIN
content_661a7734f691bef5,0.0012367491166077739,5660,0.022995940217877684,REVIEW_FOR_REFRESH,REFRESH_POTENTIAL_CTR_GAIN
content_adcc7b85a04c187d,0.5966440556943948,14005,0.022979668546044763,Review for general optimization potential,
content_54f2b96801c90591,0.5966440556943948,14005,0.022979668546044763,Review for general optimization potential,
content_61215c724c8220ae,0.012768934755990904,5717,0.022959328956253605,Review for general optimization potential,
content_9f39cae3e08ff9b1,0.0504965494024575,5941,0.022947125202378918,Review for general optimization potential,
content_ce6588c51b94d63b,0.0504965494024575,5941,0.022947125202378918,Review for general optimization potential,
content_375257df1d34113b,0.0504965494024575,5941,0.022947125202378918,Review for general optimization potential,
content_b82e3d10d61b6803,0.0504965494024575,5941,0.022947125202378918,Review for general optimization potential,
content_dd27d50fad609dad,0.0504965494024575,5941,0.022947125202378918,Review for general optimization potential,
content_beffdcbbc8a90c66,0.0504965494024575,5941,0.022947125202378918,Review for general optimization potential,
content_747ee32a555e84af,0.0504965494024575,5941,0.022947125202378918,Review for general optimization potential,
content_bbff2da5b5610190,0.0504965494024575,5941,0.022947125202378918,Review for general optimization potential,
content_cb5b56fc75aa3f4a,0.0504965494024575,5941,0.022947125202378918,Review for general optimization potential,
content_eeb80fe61ab6c8da,0.0504965494024575,5941,0.022947125202378918,Review for general optimization potential,
content_2db2a9dcb3b62a3a,0.008274647887323943,5680,0.022914581858713073,Review for general optimization potential,
content_012de75c008aa653,0.0,5629,0.02289831018688015,REVIEW_FOR_REFRESH,REFRESH_POTENTIAL_CTR_GAIN
content_fe3fd3422852d721,0.003188097768331562,5646,0.022894242268921918,REVIEW_FOR_REFRESH,REFRESH_POTENTIAL_CTR_GAIN
content_21309e9a83c83653,0.0015971606033717836,5635,0.022886106433005458,REVIEW_FOR_REFRESH,REFRESH_POTENTIAL_CTR_GAIN
content_9ef3d7516483e665,0.0026600461074658627,5639,0.022877970597088994,REVIEW_FOR_REFRESH,REFRESH_POTENTIAL_CTR_GAIN
content_21309e9a83c83653,0.001066477070742979,5626,0.022861698925256073,REVIEW_FOR_REFRESH,REFRESH_POTENTIAL_CTR_GAIN
content_f352b7cfd0b2f434,0.0007113640405477503,5623,0.022857631007297843,REVIEW_FOR_REFRESH,REFRESH_POTENTIAL_CTR_GAIN
content_661a7734f691bef5,0.0014227280810955006,5623,0.02284135933546492,REVIEW_FOR_REFRESH,REFRESH_POTENTIAL_CTR_GAIN
content_21309e9a83c83653,0.0010683760683760685,5616,0.022821019745673767,REVIEW_FOR_REFRESH,REFRESH_POTENTIAL_CTR_GAIN
content_fe3fd3422852d721,0.003553028957186001,5629,0.022816951827715537,REVIEW_FOR_REFRESH,REFRESH_POTENTIAL_CTR_GAIN
content_62770e1299963fe4,0.0005349500713266762,5608,0.022800680155882616,REVIEW_FOR_REFRESH,REFRESH_POTENTIAL_CTR_GAIN
content_d5a48fb1b06f4f51,0.0003566969859104691,5607,0.022800680155882616,REVIEW_FOR_REFRESH,REFRESH_POTENTIAL_CTR_GAIN
content_aeea385fa5ce044f,0.004617297105309891,5631,0.022800680155882613,REVIEW_FOR_REFRESH,REFRESH_POTENTIAL_CTR_GAIN
content_2db2a9dcb3b62a3a,0.01216931216931217,5670,0.022784408484049692,Review for general optimization potential,
content_a07d1e3236680189,0.0005355230274901821,5602,0.02277627264813323,REVIEW_FOR_REFRESH,REFRESH_POTENTIAL_CTR_GAIN
content_61215c724c8220ae,0.010969568294409059,5652,0.022739661386509156,Review for general optimization potential,
content_895766c2a54d3fd0,0.010815602836879433,5640,0.022694914288968616,Review for general optimization potential,
content_f107e54b10b43725,0.001253357206803939,5585,0.022690846371010386,REVIEW_FOR_REFRESH,REFRESH_POTENTIAL_CTR_GAIN
content_036a7b994ba532fa,0.0005383097075183922,5573,0.02265830302734454,REVIEW_FOR_REFRESH,REFRESH_POTENTIAL_CTR_GAIN
content_a07d1e3236680189,0.0,5569,0.02265423510938631,REVIEW_FOR_REFRESH,REFRESH_POTENTIAL_CTR_GAIN
content_fe3fd3422852d721,0.003045503403797922,5582,0.02263796343755339,REVIEW_FOR_REFRESH,REFRESH_POTENTIAL_CTR_GAIN
content_adcc7b85a04c187d,0.5995536999712064,13892,0.02262982760163693,Review for general optimization potential,
content_54f2b96801c90591,0.5995536999712064,13892,0.02262982760163693,Review for general optimization potential,
content_adcc7b85a04c187d,0.5609852372305992,12667,0.022621691765720466,Review for general optimization potential,
content_54f2b96801c90591,0.5609852372305992,12667,0.022621691765720466,Review for general optimization potential,
content_bbff2da5b5610190,0.04875962360992301,5845,0.022617623847762235,Review for general optimization potential,
content_9f39cae3e08ff9b1,0.04875962360992301,5845,0.022617623847762235,Review for general optimization potential,
content_ce6588c51b94d63b,0.04875962360992301,5845,0.022617623847762235,Review for general optimization potential,
content_16b29599a771ed7d,0.001616089064463997,5569,0.022617623847762235,REVIEW_FOR_REFRESH,REFRESH_POTENTIAL_CTR_GAIN
content_375257df1d34113b,0.04875962360992301,5845,0.022617623847762235,Review for general optimization potential,
content_b82e3d10d61b6803,0.04875962360992301,5845,0.022617623847762235,Review for general optimization potential,
content_eeb80fe61ab6c8da,0.04875962360992301,5845,0.022617623847762235,Review for general optimization potential,
content_beffdcbbc8a90c66,0.04875962360992301,5845,0.022617623847762235,Review for general optimization potential,
content_747ee32a555e84af,0.04875962360992301,5845,0.022617623847762235,Review for general optimization potential,
content_cb5b56fc75aa3f4a,0.04875962360992301,5845,0.022617623847762235,Review for general optimization potential,
content_dd27d50fad609dad,0.04875962360992301,5845,0.022617623847762235,Review for general optimization potential,
content_68ffc95c19f61219,0.0,5556,0.022601352175929314,REVIEW_FOR_REFRESH,REFRESH_POTENTIAL_CTR_GAIN
content_e7eb61dc1ce9a2c4,0.00035990642432967427,5557,0.022597284257971084,REVIEW_FOR_REFRESH,REFRESH_POTENTIAL_CTR_GAIN
content_599eba17030c875c,0.0017988846914912754,5559,0.0225728767502217,REVIEW_FOR_REFRESH,REFRESH_POTENTIAL_CTR_GAIN
content_2db2a9dcb3b62a3a,0.009994645725504195,5603,0.022564740914305235,Review for general optimization potential,
content_21309e9a83c83653,0.0019805545552754773,5554,0.022548469242472318,REVIEW_FOR_REFRESH,REFRESH_POTENTIAL_CTR_GAIN
content_471d9cabce329a66,0.002881844380403458,5552,0.0225199938167647,REVIEW_FOR_REFRESH,REFRESH_POTENTIAL_CTR_GAIN
content_d5b3f7977198220c,0.001984843016961386,5542,0.02249965422697355,REVIEW_FOR_REFRESH,REFRESH_POTENTIAL_CTR_GAIN
content_f43118e089ecc69a,0.0003618599601954044,5527,0.022475246719224167,REVIEW_FOR_REFRESH,REFRESH_POTENTIAL_CTR_GAIN
content_e620957876424b65,0.0018066847335140017,5535,0.022475246719224164,REVIEW_FOR_REFRESH,REFRESH_POTENTIAL_CTR_GAIN
content_2db2a9dcb3b62a3a,0.011648745519713262,5580,0.022434567539641858,Review for general optimization potential,
content_0b8b3fe814b81a18,0.00018129079042784627,5516,0.022434567539641858,REVIEW_FOR_REFRESH,REFRESH_POTENTIAL_CTR_GAIN
content_fe3fd3422852d721,0.0016295491580662683,5523,0.022430499621683628,REVIEW_FOR_REFRESH,REFRESH_POTENTIAL_CTR_GAIN
content_24eff544c5dbf498,0.001269726101940867,5513,0.022397956278017783,REVIEW_FOR_REFRESH,REFRESH_POTENTIAL_CTR_GAIN
content_f107e54b10b43725,0.0012711094970038134,5507,0.022373548770268398,REVIEW_FOR_REFRESH,REFRESH_POTENTIAL_CTR_GAIN
content_f2388a4b87a3b1dc,0.0005453553899291038,5501,0.02236541293435194,REVIEW_FOR_REFRESH,REFRESH_POTENTIAL_CTR_GAIN
content_599eba17030c875c,0.0012715712988192551,5505,0.022365412934351937,REVIEW_FOR_REFRESH,REFRESH_POTENTIAL_CTR_GAIN
content_787dc8aeae12cf0c,0.004528985507246377,5520,0.022353209180477247,REVIEW_FOR_REFRESH,REFRESH_POTENTIAL_CTR_GAIN
content_3aaa0ab12cdb43a4,0.00018224895206852561,5487,0.02231659791885317,REVIEW_FOR_REFRESH,REFRESH_POTENTIAL_CTR_GAIN
content_9ef3d7516483e665,0.002001819836214741,5495,0.02230846208293671,REVIEW_FOR_REFRESH,REFRESH_POTENTIAL_CTR_GAIN
content_fe3fd3422852d721,0.003816793893129771,5502,0.02229625832906202,REVIEW_FOR_REFRESH,REFRESH_POTENTIAL_CTR_GAIN
content_aeea385fa5ce044f,0.004182578650663757,5499,0.022275918739270862,REVIEW_FOR_REFRESH,REFRESH_POTENTIAL_CTR_GAIN
content_fe3fd3422852d721,0.0027317428519395373,5491,0.022275918739270862,REVIEW_FOR_REFRESH,REFRESH_POTENTIAL_CTR_GAIN
content_787dc8aeae12cf0c,0.00563329093221879,5503,0.022259647067437945,REVIEW_FOR_REFRESH,REFRESH_POTENTIAL_CTR_GAIN
content_1689733aeae6e10e,0.0034602076124567475,5491,0.022259647067437938,REVIEW_FOR_REFRESH,REFRESH_POTENTIAL_CTR_GAIN
content_af8a0b806abf3865,0.0,5471,0.02225557914947971,REVIEW_FOR_REFRESH,REFRESH_POTENTIAL_CTR_GAIN
content_f43118e089ecc69a,0.0003654970760233918,5472,0.02225151123152148,REVIEW_FOR_REFRESH,REFRESH_POTENTIAL_CTR_GAIN
content_2db2a9dcb3b62a3a,0.008348457350272231,5510,0.0222271037237721,Review for general optimization potential,
content_c15dabdcf2be1866,0.0014633254069873788,5467,0.022206764133980945,REVIEW_FOR_REFRESH,REFRESH_POTENTIAL_CTR_GAIN
content_adcc7b85a04c187d,0.5501690164069585,12129,0.022194560380106254,Review for general optimization potential,
content_54f2b96801c90591,0.5501690164069585,12129,0.022194560380106254,Review for general optimization potential,
content_ef7013c86d07aa99,0.006562158220925993,5486,0.02217015287235687,Review for general optimization potential,
content_787dc8aeae12cf0c,0.0038419319429198683,5466,0.022149813282565718,REVIEW_FOR_REFRESH,REFRESH_POTENTIAL_CTR_GAIN
content_0d0bdc053151e9a4,0.004206291148500366,5468,0.022149813282565715,REVIEW_FOR_REFRESH,REFRESH_POTENTIAL_CTR_GAIN
content_93a9b8328d4fd032,0.0007344840249724568,5446,0.022137609528691024,REVIEW_FOR_REFRESH,REFRESH_POTENTIAL_CTR_GAIN
content_62770e1299963fe4,0.0012851110703139342,5447,0.02212947369277456,REVIEW_FOR_REFRESH,REFRESH_POTENTIAL_CTR_GAIN
content_ef7013c86d07aa99,0.0060373216245883645,5466,0.02210099826706695,REVIEW_FOR_REFRESH,REFRESH_POTENTIAL_CTR_GAIN
content_ef7013c86d07aa99,0.006949524506217996,5468,0.022088794513192258,Review for general optimization potential,
content_ef7013c86d07aa99,0.00458295142071494,5455,0.022088794513192254,REVIEW_FOR_REFRESH,REFRESH_POTENTIAL_CTR_GAIN
content_012de75c008aa653,0.0,5428,0.022080658677275794,REVIEW_FOR_REFRESH,REFRESH_POTENTIAL_CTR_GAIN
content_036a7b994ba532fa,0.0003685277317118113,5427,0.022068454923401103,REVIEW_FOR_REFRESH,REFRESH_POTENTIAL_CTR_GAIN
content_e87ead0d3aa97448,0.000552689756816507,5428,0.0220684549234011,REVIEW_FOR_REFRESH,REFRESH_POTENTIAL_CTR_GAIN
content_2db2a9dcb3b62a3a,0.008956315116066533,5471,0.02205625116952641,Review for general optimization potential,
content_65f0084145088393,0.0016577638607478357,5429,0.02204811533360995,REVIEW_FOR_REFRESH,REFRESH_POTENTIAL_CTR_GAIN
content_fe3fd3422852d721,0.00440852314474651,5444,0.02204811533360995,REVIEW_FOR_REFRESH,REFRESH_POTENTIAL_CTR_GAIN
content_a9322b74ca7cb1bb,0.0,5420,0.02204811533360995,REVIEW_FOR_REFRESH,REFRESH_POTENTIAL_CTR_GAIN
content_f107e54b10b43725,0.002028771670970122,5422,0.022011504071985877,REVIEW_FOR_REFRESH,REFRESH_POTENTIAL_CTR_GAIN
content_f2388a4b87a3b1dc,0.0012919896640826874,5418,0.022011504071985873,REVIEW_FOR_REFRESH,REFRESH_POTENTIAL_CTR_GAIN
content_05a5a72b3448f6e8,0.0016611295681063123,5418,0.022003368236069413,REVIEW_FOR_REFRESH,REFRESH_POTENTIAL_CTR_GAIN
content_6c64fe9b8a2d145d,0.015126663021687626,5487,0.02198302864627826,Review for general optimization potential,
content_599eba17030c875c,0.0009254118082546734,5403,0.021958621138528873,REVIEW_FOR_REFRESH,REFRESH_POTENTIAL_CTR_GAIN
content_661a7734f691bef5,0.002224694104560623,5394,0.021893534451197186,REVIEW_FOR_REFRESH,REFRESH_POTENTIAL_CTR_GAIN
content_787dc8aeae12cf0c,0.0035211267605633804,5396,0.021873194861406035,REVIEW_FOR_REFRESH,REFRESH_POTENTIAL_CTR_GAIN
content_599eba17030c875c,0.0011148272017837235,5382,0.021869126943447805,REVIEW_FOR_REFRESH,REFRESH_POTENTIAL_CTR_GAIN
content_c15dabdcf2be1866,0.0011150343802267236,5381,0.02186505902548957,REVIEW_FOR_REFRESH,REFRESH_POTENTIAL_CTR_GAIN
content_f352b7cfd0b2f434,0.0011166945840312675,5373,0.021832515681823726,REVIEW_FOR_REFRESH,REFRESH_POTENTIAL_CTR_GAIN
content_599eba17030c875c,0.00037313432835820896,5360,0.02179590442019965,REVIEW_FOR_REFRESH,REFRESH_POTENTIAL_CTR_GAIN
content_2db2a9dcb3b62a3a,0.007964437858862753,5399,0.02178776858428319,Review for general optimization potential,
content_787dc8aeae12cf0c,0.004093023255813954,5375,0.021775564830408496,REVIEW_FOR_REFRESH,REFRESH_POTENTIAL_CTR_GAIN
content_787dc8aeae12cf0c,0.004093784890212133,5374,0.021771496912450266,REVIEW_FOR_REFRESH,REFRESH_POTENTIAL_CTR_GAIN
content_ef7013c86d07aa99,0.004279069767441861,5375,0.021771496912450266,REVIEW_FOR_REFRESH,REFRESH_POTENTIAL_CTR_GAIN
content_2db2a9dcb3b62a3a,0.007236964186305437,5389,0.021763361076533805,Review for general optimization potential,
content_c15dabdcf2be1866,0.0009340556697179152,5353,0.021755225240617345,REVIEW_FOR_REFRESH,REFRESH_POTENTIAL_CTR_GAIN
content_ef7013c86d07aa99,0.003540152785541271,5367,0.021755225240617345,REVIEW_FOR_REFRESH,REFRESH_POTENTIAL_CTR_GAIN
content_88f762cd4f8a0f89,0.0,5346,0.021747089404700885,REVIEW_FOR_REFRESH,REFRESH_POTENTIAL_CTR_GAIN
content_d0acf7062bc6b257,0.0003744617112900206,5341,0.021718613978993266,REVIEW_FOR_REFRESH,REFRESH_POTENTIAL_CTR_GAIN
content_c15dabdcf2be1866,0.0024308152580403888,5348,0.02170234230716035,REVIEW_FOR_REFRESH,REFRESH_POTENTIAL_CTR_GAIN
content_16b0867e41920435,0.0013103706476974915,5342,0.021702342307160345,REVIEW_FOR_REFRESH,REFRESH_POTENTIAL_CTR_GAIN
content_787dc8aeae12cf0c,0.005785740948114969,5358,0.0216697989634945,REVIEW_FOR_REFRESH,REFRESH_POTENTIAL_CTR_GAIN
content_33d31496fca9665e,0.00037537537537537537,5328,0.021665731045536273,REVIEW_FOR_REFRESH,REFRESH_POTENTIAL_CTR_GAIN
content_77276ad7a26f4905,0.0007513148009015778,5324,0.021641323537786885,REVIEW_FOR_REFRESH,REFRESH_POTENTIAL_CTR_GAIN
content_2db2a9dcb3b62a3a,0.011342506507995537,5378,0.021629119783912194,Review for general optimization potential,
content_aeea385fa5ce044f,0.005798728020950243,5346,0.021620983947995734,REVIEW_FOR_REFRESH,REFRESH_POTENTIAL_CTR_GAIN
content_fe3fd3422852d721,0.0037495313085864268,5334,0.0216169160300375,REVIEW_FOR_REFRESH,REFRESH_POTENTIAL_CTR_GAIN
content_acbcc847f8996314,0.0005644402634054562,5315,0.021608780194121043,REVIEW_FOR_REFRESH,REFRESH_POTENTIAL_CTR_GAIN
content_adcc7b85a04c187d,0.5215940852943828,11091,0.021584372686371662,Review for general optimization potential,
content_54f2b96801c90591,0.5215940852943828,11091,0.021584372686371662,Review for general optimization potential,
content_8693b3c882998a58,0.002256911792364115,5317,0.02158030476841343,REVIEW_FOR_REFRESH,REFRESH_POTENTIAL_CTR_GAIN
content_ef7013c86d07aa99,0.0031942878617061254,5322,0.021580304768413428,REVIEW_FOR_REFRESH,REFRESH_POTENTIAL_CTR_GAIN
content_16b29599a771ed7d,0.0030075187969924814,5320,0.021576236850455198,REVIEW_FOR_REFRESH,REFRESH_POTENTIAL_CTR_GAIN
content_acbcc847f8996314,0.0011305822498586771,5307,0.021564033096580507,REVIEW_FOR_REFRESH,REFRESH_POTENTIAL_CTR_GAIN
content_cca099da6c658785,0.004697482149567831,5322,0.021547761424747583,REVIEW_FOR_REFRESH,REFRESH_POTENTIAL_CTR_GAIN
content_012de75c008aa653,0.0,5297,0.021547761424747583,REVIEW_FOR_REFRESH,REFRESH_POTENTIAL_CTR_GAIN
content_fe3fd3422852d721,0.003202712886209495,5308,0.021523353916998198,REVIEW_FOR_REFRESH,REFRESH_POTENTIAL_CTR_GAIN
content_1689733aeae6e10e,0.0033917467495760316,5307,0.021515218081081738,REVIEW_FOR_REFRESH,REFRESH_POTENTIAL_CTR_GAIN
content_987d251ee617d9c6,0.002452367477834371,5301,0.021511150163123507,REVIEW_FOR_REFRESH,REFRESH_POTENTIAL_CTR_GAIN
content_cca099da6c658785,0.0033930254476908575,5305,0.021507082245165277,REVIEW_FOR_REFRESH,REFRESH_POTENTIAL_CTR_GAIN
content_f43118e089ecc69a,0.001322501416965804,5293,0.021503014327207047,REVIEW_FOR_REFRESH,REFRESH_POTENTIAL_CTR_GAIN
content_a07d1e3236680189,0.0,5285,0.021498946409248817,REVIEW_FOR_REFRESH,REFRESH_POTENTIAL_CTR_GAIN
content_54f2b96801c90591,0.5504805647699244,11757,0.021498946409248813,Review for general optimization potential,
content_adcc7b85a04c187d,0.5504805647699244,11757,0.021498946409248813,Review for general optimization potential,
content_ef7013c86d07aa99,0.005461393596986817,5310,0.021482674737415896,REVIEW_FOR_REFRESH,REFRESH_POTENTIAL_CTR_GAIN
content_54f2b96801c90591,0.5908104757477143,12906,0.021482674737415892,Review for general optimization potential,
content_adcc7b85a04c187d,0.5908104757477143,12906,0.021482674737415892,Review for general optimization potential,
content_24eff544c5dbf498,0.002268431001890359,5290,0.021470470983541202,REVIEW_FOR_REFRESH,REFRESH_POTENTIAL_CTR_GAIN
content_fe3fd3422852d721,0.004529156444612191,5299,0.021458267229666508,REVIEW_FOR_REFRESH,REFRESH_POTENTIAL_CTR_GAIN
content_24eff544c5dbf498,0.001326259946949602,5278,0.021441995557833587,REVIEW_FOR_REFRESH,REFRESH_POTENTIAL_CTR_GAIN
content_987d251ee617d9c6,0.0018953752843062926,5276,0.021421655968042436,REVIEW_FOR_REFRESH,REFRESH_POTENTIAL_CTR_GAIN
content_787dc8aeae12cf0c,0.004730368968779565,5285,0.02139724846029305,REVIEW_FOR_REFRESH,REFRESH_POTENTIAL_CTR_GAIN
content_a07d1e3236680189,0.0,5252,0.021364705116627206,REVIEW_FOR_REFRESH,REFRESH_POTENTIAL_CTR_GAIN
content_987d251ee617d9c6,0.0007611798287345385,5255,0.021360637198668972,REVIEW_FOR_REFRESH,REFRESH_POTENTIAL_CTR_GAIN
content_1689733aeae6e10e,0.002098035475872592,5243,0.021283346757462594,REVIEW_FOR_REFRESH,REFRESH_POTENTIAL_CTR_GAIN
content_f86f77b3ebdc05ee,0.004756468797564688,5256,0.021279278839504364,REVIEW_FOR_REFRESH,REFRESH_POTENTIAL_CTR_GAIN
content_21309e9a83c83653,0.0017188693659281895,5236,0.02126300716767144,REVIEW_FOR_REFRESH,REFRESH_POTENTIAL_CTR_GAIN
content_c1f764a2f362d1c3,0.0007649646203863071,5229,0.021254871331754976,REVIEW_FOR_REFRESH,REFRESH_POTENTIAL_CTR_GAIN
content_9540d884af3e41fd,0.0007654037504783774,5226,0.021242667577880285,REVIEW_FOR_REFRESH,REFRESH_POTENTIAL_CTR_GAIN
content_fe18a0d4ed469dd9,0.0019124115509657677,5229,0.021230463824005594,REVIEW_FOR_REFRESH,REFRESH_POTENTIAL_CTR_GAIN
content_21309e9a83c83653,0.0007661367554108408,5221,0.021222327988089137,REVIEW_FOR_REFRESH,REFRESH_POTENTIAL_CTR_GAIN
content_e9856d7d976aa034,0.002296211251435132,5226,0.021210124234214443,REVIEW_FOR_REFRESH,REFRESH_POTENTIAL_CTR_GAIN
content_acbcc847f8996314,0.0026778882938026014,5228,0.021210124234214443,REVIEW_FOR_REFRESH,REFRESH_POTENTIAL_CTR_GAIN
content_ef7013c86d07aa99,0.005532239603204884,5242,0.02120605631625621,REVIEW_FOR_REFRESH,REFRESH_POTENTIAL_CTR_GAIN
content_f352b7cfd0b2f434,0.0009589566551591868,5214,0.02118978464442329,REVIEW_FOR_REFRESH,REFRESH_POTENTIAL_CTR_GAIN
content_c60628276389acbb,0.0,5208,0.02118571672646506,REVIEW_FOR_REFRESH,REFRESH_POTENTIAL_CTR_GAIN
content_2db2a9dcb3b62a3a,0.010652463382157125,5257,0.021157241300757447,Review for general optimization potential,
content_aeea385fa5ce044f,0.006494746895893027,5235,0.021157241300757443,Review for general optimization potential,
content_f107e54b10b43725,0.0030668966839179604,5217,0.021157241300757443,REVIEW_FOR_REFRESH,REFRESH_POTENTIAL_CTR_GAIN
content_1689733aeae6e10e,0.0015363933166890724,5207,0.021149105464840983,REVIEW_FOR_REFRESH,REFRESH_POTENTIAL_CTR_GAIN
content_0974207969487ace,0.0,5198,0.021145037546882753,REVIEW_FOR_REFRESH,REFRESH_POTENTIAL_CTR_GAIN
content_e9856d7d976aa034,0.004216174779609045,5218,0.021136901710966292,REVIEW_FOR_REFRESH,REFRESH_POTENTIAL_CTR_GAIN
content_54f2b96801c90591,0.5896077190762417,12644,0.021108426285258677,Review for general optimization potential,
content_adcc7b85a04c187d,0.5896077190762417,12644,0.021108426285258677,Review for general optimization potential,
content_a503431efe530d6a,0.0013471901462663587,5196,0.021108426285258677,REVIEW_FOR_REFRESH,REFRESH_POTENTIAL_CTR_GAIN
content_62770e1299963fe4,0.0011562921564848719,5189,0.021084018777509296,REVIEW_FOR_REFRESH,REFRESH_POTENTIAL_CTR_GAIN
content_340f8e5c35bc60a0,0.0009646922631680494,5183,0.021063679187718138,REVIEW_FOR_REFRESH,REFRESH_POTENTIAL_CTR_GAIN
content_f33ad8a343180e8b,0.0,5174,0.021047407515885217,REVIEW_FOR_REFRESH,REFRESH_POTENTIAL_CTR_GAIN
content_012de75c008aa653,0.0,5173,0.021043339597926987,REVIEW_FOR_REFRESH,REFRESH_POTENTIAL_CTR_GAIN
content_e8a52cf3d5988c07,0.004618937644341801,5196,0.021039271679968757,REVIEW_FOR_REFRESH,REFRESH_POTENTIAL_CTR_GAIN
content_62aa9910370a05d3,0.00019338619222587506,5171,0.021031135844052296,REVIEW_FOR_REFRESH,REFRESH_POTENTIAL_CTR_GAIN
content_24eff544c5dbf498,0.002701659590891548,5182,0.021023000008135836,REVIEW_FOR_REFRESH,REFRESH_POTENTIAL_CTR_GAIN
content_787dc8aeae12cf0c,0.002514506769825919,5170,0.0209782529105953,REVIEW_FOR_REFRESH,REFRESH_POTENTIAL_CTR_GAIN
content_62770e1299963fe4,0.00038872691933916425,5145,0.02092130205918007,REVIEW_FOR_REFRESH,REFRESH_POTENTIAL_CTR_GAIN
content_ef7013c86d07aa99,0.0031037827352085354,5155,0.020905030387347145,REVIEW_FOR_REFRESH,REFRESH_POTENTIAL_CTR_GAIN
content_f107e54b10b43725,0.0013605442176870747,5145,0.020900962469388915,REVIEW_FOR_REFRESH,REFRESH_POTENTIAL_CTR_GAIN
content_f43118e089ecc69a,0.0005837711617046118,5139,0.020892826633472455,REVIEW_FOR_REFRESH,REFRESH_POTENTIAL_CTR_GAIN
content_acbcc847f8996314,0.0011677695601401323,5138,0.020876554961639534,REVIEW_FOR_REFRESH,REFRESH_POTENTIAL_CTR_GAIN
content_cca099da6c658785,0.005812826971517148,5161,0.0208724870436813,REVIEW_FOR_REFRESH,REFRESH_POTENTIAL_CTR_GAIN
content_fe3fd3422852d721,0.003111024693758507,5143,0.02085621537184838,REVIEW_FOR_REFRESH,REFRESH_POTENTIAL_CTR_GAIN
content_a503431efe530d6a,0.002529182879377432,5140,0.02085621537184838,REVIEW_FOR_REFRESH,REFRESH_POTENTIAL_CTR_GAIN
content_21309e9a83c83653,0.001364256480218281,5131,0.020844011617973685,REVIEW_FOR_REFRESH,REFRESH_POTENTIAL_CTR_GAIN
content_abe4335206065315,0.0005852516582130316,5126,0.02083994370001546,REVIEW_FOR_REFRESH,REFRESH_POTENTIAL_CTR_GAIN
content_987d251ee617d9c6,0.0017540440459949329,5131,0.020835875782057225,REVIEW_FOR_REFRESH,REFRESH_POTENTIAL_CTR_GAIN
content_e9856d7d976aa034,0.0042768273716951785,5144,0.020835875782057225,REVIEW_FOR_REFRESH,REFRESH_POTENTIAL_CTR_GAIN
content_2db2a9dcb3b62a3a,0.008326878388845856,5164,0.020831807864098995,Review for general optimization potential,
content_2db2a9dcb3b62a3a,0.009099709583736688,5165,0.0208196041102243,Review for general optimization potential,
content_b80b82cfbf35f15c,0.004474708171206225,5140,0.02081553619226607,REVIEW_FOR_REFRESH,REFRESH_POTENTIAL_CTR_GAIN
content_33d31496fca9665e,0.0,5113,0.02079926452043315,REVIEW_FOR_REFRESH,REFRESH_POTENTIAL_CTR_GAIN
content_cca099da6c658785,0.0031207333723425007,5127,0.02079112868451669,REVIEW_FOR_REFRESH,REFRESH_POTENTIAL_CTR_GAIN
content_c15dabdcf2be1866,0.0023446658851113715,5118,0.020770789094725534,REVIEW_FOR_REFRESH,REFRESH_POTENTIAL_CTR_GAIN
content_ba462518dad435fc,0.00019584802193497845,5106,0.020766721176767304,REVIEW_FOR_REFRESH,REFRESH_POTENTIAL_CTR_GAIN
content_4c15fe8dc370f3cd,0.0031262211801484957,5118,0.020754517422892613,REVIEW_FOR_REFRESH,REFRESH_POTENTIAL_CTR_GAIN
content_ef7013c86d07aa99,0.004879000780640125,5124,0.02074231366901792,REVIEW_FOR_REFRESH,REFRESH_POTENTIAL_CTR_GAIN
content_599eba17030c875c,0.001178318931657502,5092,0.020689430735560923,REVIEW_FOR_REFRESH,REFRESH_POTENTIAL_CTR_GAIN
content_16b0867e41920435,0.000982897582071948,5087,0.020673159063728002,REVIEW_FOR_REFRESH,REFRESH_POTENTIAL_CTR_GAIN
content_dce7b0a4705c9f32,0.0,5082,0.020673159063728002,REVIEW_FOR_REFRESH,REFRESH_POTENTIAL_CTR_GAIN
content_599eba17030c875c,0.002752113229801455,5087,0.020636547802103927,REVIEW_FOR_REFRESH,REFRESH_POTENTIAL_CTR_GAIN
content_24eff544c5dbf498,0.002164928163747294,5081,0.020624344048229236,REVIEW_FOR_REFRESH,REFRESH_POTENTIAL_CTR_GAIN
content_f43118e089ecc69a,0.0011824990145841545,5074,0.020616208212312775,REVIEW_FOR_REFRESH,REFRESH_POTENTIAL_CTR_GAIN
content_ef7013c86d07aa99,0.006274509803921568,5100,0.020616208212312775,REVIEW_FOR_REFRESH,REFRESH_POTENTIAL_CTR_GAIN
content_599eba17030c875c,0.0007889546351084812,5070,0.020608072376396308,REVIEW_FOR_REFRESH,REFRESH_POTENTIAL_CTR_GAIN
content_599eba17030c875c,0.001183431952662722,5070,0.02059993654047985,REVIEW_FOR_REFRESH,REFRESH_POTENTIAL_CTR_GAIN
content_21309e9a83c83653,0.0023673308344841193,5069,0.020571461114772233,REVIEW_FOR_REFRESH,REFRESH_POTENTIAL_CTR_GAIN
content_fe3fd3422852d721,0.002566633761105627,5065,0.02055112152498108,REVIEW_FOR_REFRESH,REFRESH_POTENTIAL_CTR_GAIN
content_fe3fd3422852d721,0.0039447731755424065,5070,0.02054298568906462,REVIEW_FOR_REFRESH,REFRESH_POTENTIAL_CTR_GAIN
content_93a9b8328d4fd032,0.0005942947702060222,5048,0.02052264609927347,REVIEW_FOR_REFRESH,REFRESH_POTENTIAL_CTR_GAIN
content_f35cb6361542729d,0.0011888250445809391,5047,0.020506374427440546,REVIEW_FOR_REFRESH,REFRESH_POTENTIAL_CTR_GAIN
content_787dc8aeae12cf0c,0.0027695351137487635,5055,0.020506374427440546,REVIEW_FOR_REFRESH,REFRESH_POTENTIAL_CTR_GAIN
content_24eff544c5dbf498,0.002772277227722772,5050,0.02048603483764939,REVIEW_FOR_REFRESH,REFRESH_POTENTIAL_CTR_GAIN
content_24eff544c5dbf498,0.0033650039588281866,5052,0.02048196691969116,REVIEW_FOR_REFRESH,REFRESH_POTENTIAL_CTR_GAIN
content_0974207969487ace,0.0,5033,0.0204738310837747,REVIEW_FOR_REFRESH,REFRESH_POTENTIAL_CTR_GAIN
content_24eff544c5dbf498,0.0021851410409217324,5034,0.020433151904192395,REVIEW_FOR_REFRESH,REFRESH_POTENTIAL_CTR_GAIN
content_c15dabdcf2be1866,0.0011933174224343676,5028,0.02042908398623416,REVIEW_FOR_REFRESH,REFRESH_POTENTIAL_CTR_GAIN
content_2db2a9dcb3b62a3a,0.008882747729964469,5066,0.020425016068275934,Review for general optimization potential,
content_e9856d7d976aa034,0.005558864403414731,5037,0.020376201052777168,REVIEW_FOR_REFRESH,REFRESH_POTENTIAL_CTR_GAIN
content_f107e54b10b43725,0.0015945784333266893,5017,0.020376201052777165,REVIEW_FOR_REFRESH,REFRESH_POTENTIAL_CTR_GAIN
content_fe18a0d4ed469dd9,0.002390438247011952,5020,0.020372133134818938,REVIEW_FOR_REFRESH,REFRESH_POTENTIAL_CTR_GAIN
content_599eba17030c875c,0.000999000999000999,5005,0.020339589791153093,REVIEW_FOR_REFRESH,REFRESH_POTENTIAL_CTR_GAIN
content_33d31496fca9665e,0.0,4997,0.0203273860372784,REVIEW_FOR_REFRESH,REFRESH_POTENTIAL_CTR_GAIN
content_adcc7b85a04c187d,0.5557630736392742,11244,0.020319250201361938,Review for general optimization potential,
content_54f2b96801c90591,0.5557630736392742,11244,0.020319250201361938,Review for general optimization potential,
content_fe68417a6bf95bce,0.00020016012810248197,4996,0.020319250201361938,REVIEW_FOR_REFRESH,REFRESH_POTENTIAL_CTR_GAIN
content_fe18a0d4ed469dd9,0.0012,5000,0.020315182283403704,REVIEW_FOR_REFRESH,REFRESH_POTENTIAL_CTR_GAIN
content_c60628276389acbb,0.0002002803925495694,4993,0.020307046447487244,REVIEW_FOR_REFRESH,REFRESH_POTENTIAL_CTR_GAIN
content_c6e76fe5904f967b,0.0008008008008008008,4995,0.020302978529529017,REVIEW_FOR_REFRESH,REFRESH_POTENTIAL_CTR_GAIN
content_6eda21f7025fe783,0.0022,5000,0.020294842693612553,REVIEW_FOR_REFRESH,REFRESH_POTENTIAL_CTR_GAIN
content_8d7d99f109e19aa2,0.0037984806077568972,5002,0.020270435185863172,REVIEW_FOR_REFRESH,REFRESH_POTENTIAL_CTR_GAIN
content_61215c724c8220ae,0.00856062114274338,5023,0.020258231431988478,Review for general optimization potential,
content_21309e9a83c83653,0.001203852327447833,4984,0.020250095596072017,REVIEW_FOR_REFRESH,REFRESH_POTENTIAL_CTR_GAIN
content_787dc8aeae12cf0c,0.002608346709470305,4984,0.020221620170364402,REVIEW_FOR_REFRESH,REFRESH_POTENTIAL_CTR_GAIN
content_4c15fe8dc370f3cd,0.0036086607858861267,4988,0.020217552252406172,REVIEW_FOR_REFRESH,REFRESH_POTENTIAL_CTR_GAIN
content_2db2a9dcb3b62a3a,0.008777179333732297,5013,0.020213484334447942,Review for general optimization potential,
content_aeea385fa5ce044f,0.005410821643286573,4990,0.020189076826698557,REVIEW_FOR_REFRESH,REFRESH_POTENTIAL_CTR_GAIN
content_70070d31e8d29a2d,0.004014452027298274,4982,0.020185008908740327,REVIEW_FOR_REFRESH,REFRESH_POTENTIAL_CTR_GAIN
content_24eff544c5dbf498,0.002414972831555645,4969,0.020164669318949172,REVIEW_FOR_REFRESH,REFRESH_POTENTIAL_CTR_GAIN
content_65f0084145088393,0.004221954161640531,4974,0.02014839764711625,REVIEW_FOR_REFRESH,REFRESH_POTENTIAL_CTR_GAIN
content_77276ad7a26f4905,0.0012113870381586917,4953,0.020123990139366867,REVIEW_FOR_REFRESH,REFRESH_POTENTIAL_CTR_GAIN
content_599eba17030c875c,0.0008080808080808081,4950,0.02011992222140864,REVIEW_FOR_REFRESH,REFRESH_POTENTIAL_CTR_GAIN
content_ef7013c86d07aa99,0.004031445273130417,4961,0.020099582631617485,REVIEW_FOR_REFRESH,REFRESH_POTENTIAL_CTR_GAIN
content_62770e1299963fe4,0.0008088978766430738,4945,0.020099582631617485,REVIEW_FOR_REFRESH,REFRESH_POTENTIAL_CTR_GAIN
content_661a7734f691bef5,0.0022222222222222222,4950,0.020091446795701025,REVIEW_FOR_REFRESH,REFRESH_POTENTIAL_CTR_GAIN
content_16b29599a771ed7d,0.0016171417020416413,4947,0.02009144679570102,REVIEW_FOR_REFRESH,REFRESH_POTENTIAL_CTR_GAIN
content_62770e1299963fe4,0.0018226002430133657,4938,0.020050767616118716,REVIEW_FOR_REFRESH,REFRESH_POTENTIAL_CTR_GAIN
content_2db2a9dcb3b62a3a,0.009259259259259259,4968,0.020022292190411104,Review for general optimization potential,
content_c15dabdcf2be1866,0.0020300446609825416,4926,0.01999788468266172,REVIEW_FOR_REFRESH,REFRESH_POTENTIAL_CTR_GAIN
content_e620957876424b65,0.0020304568527918783,4925,0.01999381676470349,REVIEW_FOR_REFRESH,REFRESH_POTENTIAL_CTR_GAIN
content_f2388a4b87a3b1dc,0.0010164667615368977,4919,0.01998974884674526,REVIEW_FOR_REFRESH,REFRESH_POTENTIAL_CTR_GAIN
content_bddfdd871aa09fbe,0.0,4913,0.019985680928787025,REVIEW_FOR_REFRESH,REFRESH_POTENTIAL_CTR_GAIN
content_9f4511f661b9603e,0.000407000407000407,4914,0.019981613010828795,REVIEW_FOR_REFRESH,REFRESH_POTENTIAL_CTR_GAIN
content_e578ac84778da489,0.0014230534661516568,4919,0.019981613010828795,REVIEW_FOR_REFRESH,REFRESH_POTENTIAL_CTR_GAIN
content_21309e9a83c83653,0.001828896565738671,4921,0.019981613010828795,REVIEW_FOR_REFRESH,REFRESH_POTENTIAL_CTR_GAIN
content_16b0867e41920435,0.002641739483844747,4921,0.019965341338995874,REVIEW_FOR_REFRESH,REFRESH_POTENTIAL_CTR_GAIN
content_ef7013c86d07aa99,0.006075334143377886,4938,0.01996534133899587,REVIEW_FOR_REFRESH,REFRESH_POTENTIAL_CTR_GAIN
content_70070d31e8d29a2d,0.00466436828229568,4931,0.01996534133899587,REVIEW_FOR_REFRESH,REFRESH_POTENTIAL_CTR_GAIN
content_16b29599a771ed7d,0.0024424994911459393,4913,0.01993686591328826,REVIEW_FOR_REFRESH,REFRESH_POTENTIAL_CTR_GAIN
content_ef7013c86d07aa99,0.005279187817258883,4925,0.0199287300773718,REVIEW_FOR_REFRESH,REFRESH_POTENTIAL_CTR_GAIN
content_69603b6131910c9b,0.0008164931618697694,4899,0.019912458405538874,REVIEW_FOR_REFRESH,REFRESH_POTENTIAL_CTR_GAIN
content_0974207969487ace,0.00020429009193054137,4895,0.019908390487580644,REVIEW_FOR_REFRESH,REFRESH_POTENTIAL_CTR_GAIN
content_e8a52cf3d5988c07,0.0036652412950519244,4911,0.019904322569622414,REVIEW_FOR_REFRESH,REFRESH_POTENTIAL_CTR_GAIN
content_17e4dcd2ece6385d,0.0,4892,0.019900254651664184,REVIEW_FOR_REFRESH,REFRESH_POTENTIAL_CTR_GAIN
content_16b29599a771ed7d,0.001836734693877551,4900,0.019896186733705953,REVIEW_FOR_REFRESH,REFRESH_POTENTIAL_CTR_GAIN
content_00d4fdf6e48a2d38,0.002450479885644272,4897,0.019871779225956572,REVIEW_FOR_REFRESH,REFRESH_POTENTIAL_CTR_GAIN
content_ae941d65b87a8306,0.0012274959083469722,4888,0.019859575472081878,REVIEW_FOR_REFRESH,REFRESH_POTENTIAL_CTR_GAIN
content_61215c724c8220ae,0.014738542297597416,4953,0.019851439636165417,Review for general optimization potential,
content_471d9cabce329a66,0.0006143764079459349,4883,0.019851439636165417,REVIEW_FOR_REFRESH,REFRESH_POTENTIAL_CTR_GAIN
content_f107e54b10b43725,0.0014326647564469914,4886,0.019847371718207184,REVIEW_FOR_REFRESH,REFRESH_POTENTIAL_CTR_GAIN
content_fa19b056cd7a49a4,0.003879926485603431,4897,0.019843303800248957,REVIEW_FOR_REFRESH,REFRESH_POTENTIAL_CTR_GAIN
content_8d7d99f109e19aa2,0.004901960784313725,4896,0.01981889629249957,REVIEW_FOR_REFRESH,REFRESH_POTENTIAL_CTR_GAIN
content_fa19b056cd7a49a4,0.0018446402951424472,4879,0.01981076045658311,REVIEW_FOR_REFRESH,REFRESH_POTENTIAL_CTR_GAIN
content_24eff544c5dbf498,0.002459016393442623,4880,0.01980262462066665,REVIEW_FOR_REFRESH,REFRESH_POTENTIAL_CTR_GAIN
content_16b0867e41920435,0.003480753480753481,4884,0.019798556702708418,REVIEW_FOR_REFRESH,REFRESH_POTENTIAL_CTR_GAIN
content_adcc7b85a04c187d,0.5628484085596116,11122,0.019778217112917263,Review for general optimization potential,
content_54f2b96801c90591,0.5628484085596116,11122,0.019778217112917263,Review for general optimization potential,
content_ef7013c86d07aa99,0.003486464315012305,4876,0.019766013359042572,REVIEW_FOR_REFRESH,REFRESH_POTENTIAL_CTR_GAIN
content_33d31496fca9665e,0.0,4858,0.019761945441084342,REVIEW_FOR_REFRESH,REFRESH_POTENTIAL_CTR_GAIN
content_61215c724c8220ae,0.009591836734693878,4900,0.01974160585129319,Review for general optimization potential,
content_036a7b994ba532fa,0.0018514708907632176,4861,0.019737537933334957,REVIEW_FOR_REFRESH,REFRESH_POTENTIAL_CTR_GAIN
content_fe3fd3422852d721,0.0055361902809103955,4877,0.019729402097418497,REVIEW_FOR_REFRESH,REFRESH_POTENTIAL_CTR_GAIN
content_cca099da6c658785,0.004313000616142945,4869,0.019721266261502036,REVIEW_FOR_REFRESH,REFRESH_POTENTIAL_CTR_GAIN
content_54f2b96801c90591,0.552969428281149,10827,0.019688722917836188,Review for general optimization potential,
content_adcc7b85a04c187d,0.552969428281149,10827,0.019688722917836188,Review for general optimization potential,
content_16b29599a771ed7d,0.0020635575732562937,4846,0.01967245124600327,REVIEW_FOR_REFRESH,REFRESH_POTENTIAL_CTR_GAIN
content_21309e9a83c83653,0.0014456836018174309,4842,0.019668383328045037,REVIEW_FOR_REFRESH,REFRESH_POTENTIAL_CTR_GAIN
content_a503431efe530d6a,0.0016542597187758478,4836,0.019639907902337425,REVIEW_FOR_REFRESH,REFRESH_POTENTIAL_CTR_GAIN
content_fe3fd3422852d721,0.004537953795379538,4848,0.01963177206642096,REVIEW_FOR_REFRESH,REFRESH_POTENTIAL_CTR_GAIN
content_24eff544c5dbf498,0.002481902792140641,4835,0.019619568312546267,REVIEW_FOR_REFRESH,REFRESH_POTENTIAL_CTR_GAIN
content_cf651123f1085418,0.0020699648105982197,4831,0.01961143247662981,REVIEW_FOR_REFRESH,REFRESH_POTENTIAL_CTR_GAIN
content_33d31496fca9665e,0.00041485169052063887,4821,0.019603296640713346,REVIEW_FOR_REFRESH,REFRESH_POTENTIAL_CTR_GAIN
content_e22d7d712577870a,0.0,4818,0.019599228722755116,REVIEW_FOR_REFRESH,REFRESH_POTENTIAL_CTR_GAIN
content_c15dabdcf2be1866,0.0014516798009124845,4822,0.01958702496888043,REVIEW_FOR_REFRESH,REFRESH_POTENTIAL_CTR_GAIN
content_ae941d65b87a8306,0.0016587186398507154,4823,0.019587024968880425,REVIEW_FOR_REFRESH,REFRESH_POTENTIAL_CTR_GAIN
content_16b0867e41920435,0.001866832607342875,4821,0.019574821215005735,REVIEW_FOR_REFRESH,REFRESH_POTENTIAL_CTR_GAIN
content_21309e9a83c83653,0.002073828287017835,4822,0.019574821215005735,REVIEW_FOR_REFRESH,REFRESH_POTENTIAL_CTR_GAIN
content_ae941d65b87a8306,0.002902155887230514,4824,0.01956668537908927,REVIEW_FOR_REFRESH,REFRESH_POTENTIAL_CTR_GAIN
content_54f2b96801c90591,0.5305544709098009,10244,0.01956261746113104,Review for general optimization potential,
content_adcc7b85a04c187d,0.5305544709098009,10244,0.01956261746113104,Review for general optimization potential,
content_f107e54b10b43725,0.0006237006237006237,4810,0.019554481625214584,REVIEW_FOR_REFRESH,REFRESH_POTENTIAL_CTR_GAIN
content_599eba17030c875c,0.0008317737575379496,4809,0.01954634578929812,REVIEW_FOR_REFRESH,REFRESH_POTENTIAL_CTR_GAIN
content_24eff544c5dbf498,0.003112678979041295,4819,0.01954227787133989,REVIEW_FOR_REFRESH,REFRESH_POTENTIAL_CTR_GAIN
content_ef7013c86d07aa99,0.004353233830845771,4824,0.01953820995338166,REVIEW_FOR_REFRESH,REFRESH_POTENTIAL_CTR_GAIN
content_f2388a4b87a3b1dc,0.0010403662089055348,4806,0.019530074117465195,REVIEW_FOR_REFRESH,REFRESH_POTENTIAL_CTR_GAIN
content_54f2b96801c90591,0.5218170950388523,10038,0.019526006199506965,Review for general optimization potential,
content_adcc7b85a04c187d,0.5218170950388523,10038,0.019526006199506965,Review for general optimization potential,
content_e9856d7d976aa034,0.0035306334371754933,4815,0.019517870363590505,REVIEW_FOR_REFRESH,REFRESH_POTENTIAL_CTR_GAIN
content_e620957876424b65,0.0008331597583836701,4801,0.019513802445632274,REVIEW_FOR_REFRESH,REFRESH_POTENTIAL_CTR_GAIN
content_6eda21f7025fe783,0.00125,4800,0.01950159869175758,REVIEW_FOR_REFRESH,REFRESH_POTENTIAL_CTR_GAIN
content_661a7734f691bef5,0.002290235269623152,4803,0.019493462855841123,REVIEW_FOR_REFRESH,REFRESH_POTENTIAL_CTR_GAIN
content_16b29599a771ed7d,0.0014586372160866848,4799,0.01949346285584112,REVIEW_FOR_REFRESH,REFRESH_POTENTIAL_CTR_GAIN
content_16b29599a771ed7d,0.001043187982474442,4793,0.0194771911840082,REVIEW_FOR_REFRESH,REFRESH_POTENTIAL_CTR_GAIN
content_24eff544c5dbf498,0.002293099854075464,4797,0.01946905534809174,REVIEW_FOR_REFRESH,REFRESH_POTENTIAL_CTR_GAIN
content_21309e9a83c83653,0.001252871163082063,4789,0.019456851594217044,REVIEW_FOR_REFRESH,REFRESH_POTENTIAL_CTR_GAIN
content_a503431efe530d6a,0.002086811352253756,4792,0.019452783676258818,REVIEW_FOR_REFRESH,REFRESH_POTENTIAL_CTR_GAIN
content_b902320872acab45,0.0014616830235957402,4789,0.019452783676258814,REVIEW_FOR_REFRESH,REFRESH_POTENTIAL_CTR_GAIN
content_f352b7cfd0b2f434,0.0004182350480970305,4782,0.019444647840342354,REVIEW_FOR_REFRESH,REFRESH_POTENTIAL_CTR_GAIN
content_adcc7b85a04c187d,0.5494909502262444,10608,0.01944057992238412,Review for general optimization potential,
content_54f2b96801c90591,0.5494909502262444,10608,0.01944057992238412,Review for general optimization potential,
content_62770e1299963fe4,0.0006277463904582549,4779,0.019428376168509433,REVIEW_FOR_REFRESH,REFRESH_POTENTIAL_CTR_GAIN
content_d5a48fb1b06f4f51,0.00020951183741881415,4773,0.01941210449667651,REVIEW_FOR_REFRESH,REFRESH_POTENTIAL_CTR_GAIN
content_599eba17030c875c,0.000209819555182543,4766,0.019383629070968897,REVIEW_FOR_REFRESH,REFRESH_POTENTIAL_CTR_GAIN
content_599eba17030c875c,0.0006291946308724832,4768,0.019383629070968893,REVIEW_FOR_REFRESH,REFRESH_POTENTIAL_CTR_GAIN
content_fa19b056cd7a49a4,0.0006298551333193366,4763,0.01936328948117774,REVIEW_FOR_REFRESH,REFRESH_POTENTIAL_CTR_GAIN
content_963de14b1f58978f,0.0018879798615481435,4767,0.019355153645261282,REVIEW_FOR_REFRESH,REFRESH_POTENTIAL_CTR_GAIN
content_77276ad7a26f4905,0.0010499790004199917,4762,0.019351085727303048,REVIEW_FOR_REFRESH,REFRESH_POTENTIAL_CTR_GAIN
content_fedf28b709442312,0.0008413967185527977,4754,0.019322610301595437,REVIEW_FOR_REFRESH,REFRESH_POTENTIAL_CTR_GAIN
content_3084163349f42c00,0.001051967178624027,4753,0.019314474465678976,REVIEW_FOR_REFRESH,REFRESH_POTENTIAL_CTR_GAIN
content_f2388a4b87a3b1dc,0.0004211412929037692,4749,0.019310406547720746,REVIEW_FOR_REFRESH,REFRESH_POTENTIAL_CTR_GAIN
content_f973e1d9cad8cbed,0.0006319780914261639,4747,0.019298202793846052,REVIEW_FOR_REFRESH,REFRESH_POTENTIAL_CTR_GAIN
content_e9856d7d976aa034,0.0071204188481675396,4775,0.01928599903997136,Review for general optimization potential,
content_e9856d7d976aa034,0.004828889355448247,4763,0.019281931122013127,REVIEW_FOR_REFRESH,REFRESH_POTENTIAL_CTR_GAIN
content_f416d3769e99bd5a,0.0,4737,0.019269727368138437,REVIEW_FOR_REFRESH,REFRESH_POTENTIAL_CTR_GAIN
content_ac7b77e81c53d636,0.00021114864864864866,4736,0.019261591532221976,REVIEW_FOR_REFRESH,REFRESH_POTENTIAL_CTR_GAIN
content_f352b7cfd0b2f434,0.0012658227848101266,4740,0.019257523614263746,REVIEW_FOR_REFRESH,REFRESH_POTENTIAL_CTR_GAIN
content_61215c724c8220ae,0.0170265780730897,4816,0.019257523614263746,Review for general optimization potential,
content_18752cff8ff3e288,0.0025284450063211127,4746,0.019257523614263746,REVIEW_FOR_REFRESH,REFRESH_POTENTIAL_CTR_GAIN
content_11bf4c33adea7bdc,0.0,4731,0.019245319860389055,REVIEW_FOR_REFRESH,REFRESH_POTENTIAL_CTR_GAIN
content_16b0867e41920435,0.0018999366687777073,4737,0.01923311610651436,REVIEW_FOR_REFRESH,REFRESH_POTENTIAL_CTR_GAIN
content_9f38263f3599593a,0.0008454872120059184,4731,0.01922904818855613,REVIEW_FOR_REFRESH,REFRESH_POTENTIAL_CTR_GAIN
content_9ee101f6c3e35cf1,0.005472532098505577,4751,0.01922091235263967,REVIEW_FOR_REFRESH,REFRESH_POTENTIAL_CTR_GAIN
content_61215c724c8220ae,0.011108782225948438,4771,0.019192436926932056,Review for general optimization potential,
content_24eff544c5dbf498,0.0012706480304955528,4722,0.019184301091015595,REVIEW_FOR_REFRESH,REFRESH_POTENTIAL_CTR_GAIN
content_895766c2a54d3fd0,0.0056925996204933585,4743,0.019184301091015595,REVIEW_FOR_REFRESH,REFRESH_POTENTIAL_CTR_GAIN
content_f107e54b10b43725,0.0033819488480236735,4731,0.019180233173057365,REVIEW_FOR_REFRESH,REFRESH_POTENTIAL_CTR_GAIN
content_21309e9a83c83653,0.0016941973739940702,4722,0.019176165255099135,REVIEW_FOR_REFRESH,REFRESH_POTENTIAL_CTR_GAIN
content_21309e9a83c83653,0.00105977108944468,4718,0.019172097337140905,REVIEW_FOR_REFRESH,REFRESH_POTENTIAL_CTR_GAIN
content_d5b3f7977198220c,0.0008481764206955047,4716,0.019168029419182674,REVIEW_FOR_REFRESH,REFRESH_POTENTIAL_CTR_GAIN
content_a87e50b27b799dcd,0.0031732599957689867,4727,0.01916802941918267,REVIEW_FOR_REFRESH,REFRESH_POTENTIAL_CTR_GAIN
content_21309e9a83c83653,0.001483679525222552,4718,0.01916396150122444,REVIEW_FOR_REFRESH,REFRESH_POTENTIAL_CTR_GAIN
content_dce7b0a4705c9f32,0.00042471862391165854,4709,0.01914768982939152,REVIEW_FOR_REFRESH,REFRESH_POTENTIAL_CTR_GAIN
content_f352b7cfd0b2f434,0.001697432633142372,4713,0.019139553993475056,REVIEW_FOR_REFRESH,REFRESH_POTENTIAL_CTR_GAIN
content_62770e1299963fe4,0.0008497981729339282,4707,0.019131418157558595,REVIEW_FOR_REFRESH,REFRESH_POTENTIAL_CTR_GAIN
content_2409eee8ef6f56dc,0.00191042241562301,4711,0.019127350239600365,REVIEW_FOR_REFRESH,REFRESH_POTENTIAL_CTR_GAIN
content_fedf28b709442312,0.0008501594048884166,4705,0.01912328232164214,REVIEW_FOR_REFRESH,REFRESH_POTENTIAL_CTR_GAIN
content_fe3fd3422852d721,0.004236390595212879,4721,0.019123282321642135,REVIEW_FOR_REFRESH,REFRESH_POTENTIAL_CTR_GAIN
content_24eff544c5dbf498,0.003814367450731087,4719,0.019123282321642135,REVIEW_FOR_REFRESH,REFRESH_POTENTIAL_CTR_GAIN
content_4c15fe8dc370f3cd,0.002546148949713558,4713,0.01912328232164213,REVIEW_FOR_REFRESH,REFRESH_POTENTIAL_CTR_GAIN
content_00d4fdf6e48a2d38,0.0019116397621070519,4708,0.019115146485725674,REVIEW_FOR_REFRESH,REFRESH_POTENTIAL_CTR_GAIN
content_16b29599a771ed7d,0.0021244954323348204,4707,0.019107010649809214,REVIEW_FOR_REFRESH,REFRESH_POTENTIAL_CTR_GAIN
content_a503431efe530d6a,0.001488411652136934,4703,0.01910294273185098,REVIEW_FOR_REFRESH,REFRESH_POTENTIAL_CTR_GAIN
content_ba98b9ba325cb149,0.0006395224898742272,4691,0.01907039938818514,REVIEW_FOR_REFRESH,REFRESH_POTENTIAL_CTR_GAIN
content_16b0867e41920435,0.0029780897681344395,4701,0.01906633147022691,REVIEW_FOR_REFRESH,REFRESH_POTENTIAL_CTR_GAIN
content_f107e54b10b43725,0.003826530612244898,4704,0.019062263552268675,REVIEW_FOR_REFRESH,REFRESH_POTENTIAL_CTR_GAIN
content_963de14b1f58978f,0.0019173412867490413,4694,0.019058195634310444,REVIEW_FOR_REFRESH,REFRESH_POTENTIAL_CTR_GAIN
